DATE,IMPORTER,EXPORTER,VESSEL,BL,ORIGIN,QUANTITY,DESCRIPTION,AMOUNT $(CIF), L. COST (PhP) 
23-Feb,NUEVOCHEM SPECIALTIES INC,RA CHEMICAL SPECIALTY SDN BHD,NYK JOANNA 063N,HBLSE1804103,MY,396.00,1 PLT STC TACKTROLL CCA 514 ADHESIVES,"6,083.80",340061.00
28-Feb,J-CHANNEL INGREDIENTS CORPORATION,TONGAAT HULETT STARCH (PTY) LTD.,EVER DIADEM,EGLV320830001411,ZA,21600.00,1 X 40 CNTR PREGELATINISED WAXY MAIZE STARCH,"12,096.00",666948.00
8-Feb,PRIME LAMINATION CORPORATION,"YESUNG CHEM CO., LTD.",MAX KUDO VOY. 0249S,BGLKMNL180120,KR,17700.00,118 DRUMS WATER BASED DRY LAMINATING GLUE,"23,010.00",1195689.00
21-Feb,ZI TECHASIA (PILIPINAS) INC,STEINERT CO LTD,MOL HOPE 0040E,MNL01100218,TH,3693.00,124.79 JOWACOLL,"14,744.12",809744.00
26-Feb,DOLE PHILIPPINES INC,NOVOZYMES MALAYSIA SDN BHD,WAN HAI 101 V.N110,01PKG0118479,MY,1920.00,PECTINEX ULTRA TROPICAL,"19,200.00",1075612.00
27-Feb,MONDE NISSIN CORPORATION,GENERAL STARCH LIMITED,SITC LAEM CHABANG V.1803N,HDMUTHML0877586,TH,19000.00,1X20  CONT STC MODIFIED TAPIOCA STARCH,"13,652.23",724434.00
8-Feb,KENNETH AND MOCK DESIGNS INC.,KLEBCHEMIE M.G BECKER,MS EAGLE 1801,DEKAE0000008700,DE,3586.00,1X20 ADHESIVE,"19,204.40",1052148.00
14-Feb,CEMEDINE PHILIPPINES CORP,MITSUBISHI CORPORATION,MARCLIFF V. 18001S,50451,JP,15912.00,1X20 CNTR 72 DRUMS BAGS STC: KANEKA SILYL ES,"65,428.02",3556551.00
2-Feb,KOU FU PACKAGING CORPORATION,KOU FU COLOR PRINTING CO LTD,WAN HAI 162 S291,0018A11011,TW,11520.00,"1X20 CNTR STC: 165 PKGS PVA,INK,GLUE;","41,183.99",2273916.00
22-Feb,MONDE NISSIN CORPORATION,GENERAL STARCH LIMITED,MOL HORIZON 1098E,BKKCB18000110,TH,19000.00,1X20 CONT STC MODIFIED TAPIOCA STARCH,"13,652.27",720102.00
13-Feb,MONDE NISSIN CORPORATION,GENERAL STARCH LIMITED,MOL HOPE 0039E,BKKCB18000108,TH,19000.00,"1X20 CONT STC MODIFIED TAPIOCA STARCH STARF""""X20 C""","13,652.20",715096.00
14-Feb,HAMBURG TRADING CORPORATION,CARGILL BIO CHEMICAL CO LTD,SITC FUJIAN V.1804S,SITGDLMN805910,CN,19875.00,1X20 CONTAINER STC: 795 BAGS DISTARCH PHOSPH,"15,263.71",798329.00
20-Feb,HENKEL PHILIPPINES INC.,HENKEL ADHESIVES TECHNOLOGIES,MOL HORIZON 1098E,SSGN2630443538,VN,9000.00,1X20 CTR STC LOCTITE BONDACE 7103LTF(E) ADHE,"23,966.20",1318854.00
8-Feb,HENKEL PHILIPPINES INC.,HENKEL ADHESIVE TECHNOLOGIES,MOL HOPE 0039E,SSGN2630441076,VN,9000.00,1X20 CTR STC LOCTITE BONDACE 7103LTF(E) ADHE,"23,599.00",1225859.00
13-Feb,HENKEL PHILIPPINES INC.,PT.HENKEL ADHESIVE TECHNOLOGIE,NORTHERN DEMOCRAT,10008,ID,11925.00,1X20 CTR STC TECHNOMELT 2202 WV ADHESIVES,"25,501.73",1327117.00
28-Feb,HENKEL PHILIPPINES INC.,HENKEL ADHESIVE TECHNOLOGIES,MOL HOPE 0040E,SSGN2630445395,VN,23175.00,1X20&1X40 CTR STC LOCTITE BONDACE 7103LTF (E,"59,096.25",3111505.00
19-Feb,SHINDENGEN PHILIPPINES CORPORATION,PANASONIC MANUFACTURING AYUTHAYA CO,MOL HORIZON V. 1098E,MOLU13807373716,TH,11880.00,1X20RF EPOXY ENCAPSULATION COMPOUND,"40,677.12",2188347.00
1-Feb,SAGAWA GLOBAL LOGISTICS PHILIPPINES,MACDERMID PERFORMANCE SOLUTION,BUXMELODY 1643-093N,SEATF1801017301,SG,25568.00,"1X40 CNTR STC: 28 PLTS ULTRA ETCH F L, ULTRA","40,053.72",2123324.00
27-Feb,INGREDION PHILIPPINES INC.,INGREDION INC,HYUNDAI BANGKOK V 075W,HDMUIPWB3466790,US,18371.00,1X40 CTNR STC BATTERBIND S TRUTARCE IP,"14,245.11",782711.00
9-Feb,HENKEL PHILIPPINES INC.,PT HENKEL ADHESIVE TECHNOLOGIE,GH LESTE 802A,10046,ID,13750.00,"1X40 CTR STC TECHNOMELT 2202 WV,TECNOMELT SU","33,923.38",1767264.00
27-Feb,FRABELLE CORPORATION,"QINGDAO LANKANG INTERNATIONAL CO.,",CIRCULAR QUAY,AAJY008554,CN,22000.00,1X40 SOY PROTEIN ISOLATE PUREPRO 90E,"51,771.18",2723873.00
15-Feb,FRABELLE CORPORATION,"QINGDAO LANKANG INTERNATIONAL CO.,",CIRCULAR QUAY,AAJY008463,CN,22000.00,1X40 SOY PROTEIN ISOLATE PUREPRO 90E,"50,820.00",2639374.00
15-Feb,J-CHANNEL INGREDIENTS CORPORATION,TONGAAT HULETT STARCH (PTY) LTD.,ASTORIA BRIDGE,EGLV320730066987,ZA,43200.00,2 X 40 PREGELATINISED WAXY MAIZE STARCH,"24,192.00",1311042.00
14-Feb,SPURWAY INTL. MARKETING CORPORATION,SHANGHAI NATURE BUILDING,HAI LIAN 1803S,SITGSHMNT01607,CN,1500.00,200 PAILS OF NQ710 2-  COMPONENT ADHESIVE PA,"7,918.03",414245.00
6-Feb,HAMBURG TRADING CORPORATION,CARGILL DEUTHCHLAND GMBH,YM WORTH V.012E,NYKSHAMT67352500,DE,36000.00,2X20 CONTAINER STC: 1440 BAGS C TEX 06214 AC,"30,741.00",1644678.00
13-Feb,HAMBURG TRADING CORPORATION,CARGILL BIO CHEMICAL CO LTD,SITC FUJIAN V. 1804S,SITGDLMN805909,CN,39575.00,2X20 CONTAINER STC: 1583 BAGS DISTARCH PHOSP,"41,137.71",2137980.00
22-Feb,HAMBURG TRADING CORPORATION,CARGILL INCORPORATED,YM MASCULINITY V.047W,NYKSCHITJ2401600,US,32500.00,2X20 CONTAINER STC: 20 PALLETS (25KG/BAG)CTE,"28,728.68",1552533.00
22-Feb,SHINDENGEN PHILIPPINES CORPORATION,PANASONIC MANUFACTURING AYUTHAYA CO,MOL HOPE V. 0040E,MOLU13807373721,TH,23760.00,2X20RF  EPOXY ENCAPSULATION COMPOUND,"94,422.31",5070024.00
19-Feb,ACS MANUFACTURING CORPORATION,NOVOZYMES A/S,IDA RAMBOW 389S,CPH31113538,DK,21600.00,"2X20STC.40PLT SAVINASE 6.0T/SAVINASE 6.0T,CA","128,874.24",6866479.00
6-Feb,MAGNOLIA INC.,VRS FOODS LIMITED,HYUNDAI COURAGE,4633,IN,50000.00,2X40 CONTRS STC: (2000 BAGS) RENNET CASEIN,"299,575.52",15604284.00
7-Feb,JEBSEN & JESSEN INGREDIENTS (P),VEDAN VIETNAM ENTERPRISE CORP.  LTD,ST BLUE,OOLU2599307620,VN,54000.00,3 X 20 STC MODIFIED STARCH DISTARCH PHOSPHAT,"33,490.65",1744527.00
19-Feb,INLAND WAREHOUSING & LOGISTICS DIV.,"THREEBOND CO., LTD",IWASHIRO 251S,NYKSTY7AS4833600,JP,1831.00,3993 NE THREEBOND BRAND PRODUCTS (TB2236/T,"51,258.56",2788658.00
20-Feb,JEBSEN & JESSEN INGREDIENTS (P),VEDAN VIETNAM ENTERPRISE CORP. LTD,ST EVER 023A,OOLU2599307700,VN,72000.00,4 X 20 STC MODIFIED STARCH DISTARCH PHOSPHAT,"44,654.17",2329696.00
13-Feb,TURRIS PHIL. INC.,TATE & LYLE NETHERLANDS B.V.,TALOS,OOLU4026920500,NL,118500.00,4740 BAGS RESISTAMYL 347 MODI,"97,762.50",5220695.00
7-Feb,HAMBURG TRADING CORPORATION,CARGILL DEUTHCHLAND GMBH,KYOTO EXPRES V.077E,NYKSHAMT64236300,DE,72000.00,4X20 CONTAINER STC: 2880 BAGS CTEX 06214 ACE,"61,482.00",3283045.00
22-Feb,HAMBURG TRADING CORPORATION,CARGILL DEUTHCHLAND GMBH,YM MASCULINITY V.047W,NYKSCHITJ5214400,US,65000.00,4X20 CONTAINER STC: 40 PALLETS C TEX 06205 M,"57,456.85",3098724.00
8-Feb,MEGAPAINT CORPORATION,AKZO NOBEL PAINTS VIETNAM LTD,HAISU 2 V. 18002N,SGNMNLS1801038,VN,20000.00,500 PCS OF PUTTY DS PUTTY 40K/A502-29133,"5,099.65",268885.00
7-Feb,HAMBURG TRADING CORPORATION,CARGILL DEUTSCHLAND GMBH,NYK FALCON V.003E,NYKSHAMT65630200,DE,90000.00,5X20 CONTAINER STC: 3600 BAGS C TEX 06214 AC,"76,852.50",4102228.00
7-Feb,ACASTILLO ENTERPRISES,MAC INTERNATIONAL DEVELOPMENT LTD.,HYUNDAI GLORY 091S,SHAB053749,CN,125933.00,"6X40 SCHOOL SUPPLIES (WHITE GLUE, GLUE STICK","98,084.19",5371123.00
6-Feb,UNITED PULP AND PAPER CO INC,NATIONAL STARCH AND CHEMICAL THAILA,SITC BANGKOK 1801N,KKLUTH0861224,TH,126000.00,7X20 MODIFIED  STARCH,"100,850.20",5231428.00
28-Feb,CENTURY PACIFIC FOOD INC.,GENERAL STARCH LIMITED,ITAL MILLIONE,EGLV050800071928,TH,20000.00,800 BAGS MODIFIED TAPIOCA STAR,"16,473.20",872553.00
7-Feb,MEKENI FOOD CORPORATION,"BDF NATURAL INGREDIENTS, SL",MANCHESTER BRIDGE,270401,ES,3000.00,ADDITIVES (PROBIND GT 5.0),"71,134.98",3778957.00
27-Feb,YOSHITA CORPORATION,SHT CORPORATION LIMITED,CAPE NABIL 033S,MOLU12024225236,JP,1085.00,ADHESIVE,"5,317.44",292904.00
15-Feb,INLAND WAREHOUSING & LOGISTICS DIV.,THREE BOND SINGAPORE PTE LTD,SINO BRIDGE 002E,X1800489MNL003,SG,1128.00,ADHESIVE,"5,241.81",290633.00
15-Feb,DYSON ELECTRONICS PTE LTD PH BRANCH,VITROCHEM TECHNOLOGY PTE LTD,SINO BRIDGE 002E,GALSE180201501,SG,212.00,ADHESIVE - HUNTSMAN 2014-1,"15,830.32",859924.00
15-Feb,DYSON ELECTRONICS PTE LTD PH BRANCH,VITROCHEM TECHNOLOGY PTE LTD,SINO BRIDGE 002E,GALSE180201501,SG,115.00,ADHESIVE - HUNTSMAN 2014-2,"8,589.57",467979.00
15-Feb,DYSON ELECTRONICS PTE LTD PH BRANCH,VITROCHEM TECHNOLOGY PTE LTD,SINO BRIDGE 002E,GALSE180201501,SG,437.00,ADHESIVE ARALDITE 2022 PART A,"32,629.84",1769290.00
15-Feb,DYSON ELECTRONICS PTE LTD PH BRANCH,VITROCHEM TECHNOLOGY PTE LTD,SINO BRIDGE 002E,GALSE180201501,SG,437.00,ADHESIVE ARALDITE 2022 PART B,"32,629.84",1769290.00
14-Feb,JT INTERNATIONAL ASIA MFG. CORP.,H.B. FULLER ADHESIVES MALAYSIA SDN,SINO BRIDGE 002E,COAU7120796090,MY,5575.00,ADHESIVE DURABOND-CONTROLLED,"17,883.15",979980.00
22-Feb,MAHLE FILTER SYSTEMS PHILS. CORP.,MAHLE FILTER SYSTEMS JAPAN CORP GLO,REFLECTION 1804S,33255,JP,12500.00,ADHESIVE OF 418P-3,"29,470.01",1613966.00
2-Feb,SAN TECHNOLOGY INCORPORATED,CORAL SERVICE CORP.,CAPE NABIL 032S,UKBMNL8014812,JP,450.00,ADHESIVE POWDER,"9,382.28",495334.00
14-Feb,TRANS WORLD TRADING COMPANY,TOYO-MORTON LTD.,NORTHERN VALENCE V1644-045N,EGLV091830040556,MY,15236.00,ADHESIVE TM-585-60M-DM-PH/TM-570-PH,"56,483.00",2930384.00
28-Feb,FLEXIBLE PACKAGING PRODUCTS CORP.,TOYO-MORTON LTD,PHILIP SCHULTE V.087XAS,SNKO24H180100007,JP,32000.00,ADHESIVE TOMORESTER,"102,465.60",5434555.00
2-Feb,FLEXIBLE PACKAGING PRODUCTS CORP.,TOYO-MORTON LTD,HYUNDAI GLORY 091S,SNKO24H171200030,JP,32000.00,ADHESIVE TOMORESTER 45S,"102,465.60",5307465.00
15-Feb,YAZAKI-TORRES MANUFACTURING INC.,YAZAKI  CORPORATION,IWASHIRO 251S,NYKSSM7AA7204500,JP,1665.00,"ADHESIVE, E-TEC","36,790.12",1996620.00
21-Feb,H B FULLER PHILS INC,H. B. FULLER (CHINA) ADHESIVES LTD.,SUI FU HANG 68 8062,MCB148525,CN,4800.00,ADVANTRA PHC 9256 (HOT MELT ADHESIVES),"18,340.86",956846.00
6-Feb,ALLTECH BIOTECHNOLOGY CORP,"CUSTOM FREIGHT SALES, INC.",EVER LIVING 022W,CVGMNN7911054D,US,2000.00,ALLZYME VEGPRO,"11,722.88",628045.00
6-Feb,PHILIPPINE FOREMOST MILLING,MUEHLENCHEMIE GMBH & CO. KG,CHICAGO EXPRESS,MNL215612,DE,1575.00,"ALPHAMALT HCTE, ALPHAMALT VS 5000 & ALPHAMAL","11,372.44",604177.00
7-Feb,BATAAN 2020 INC.,AMAZON PAPYRUS CHEMICALS LIMITED,NYK JOANA V.062N,MNLSE1801021301,SG,5475.00,AMICOAT TC 6218 & TR 6112,"22,698.93",1232849.00
14-Feb,UNI FIELD ENTERPRISES INCORPORATED,ANCHOR ALLIED FACTORY LTD,EVER DIVINE,EGLV300700087531,AE,10275.00,ASMACU PU 90 POLYURETHANE JOINT SEALANT WHIT,"34,811.59",1897366.00
23-Feb,FOOD INDUSTRIES INC.,INGREDION INC.,HYUNDAI BANGKOK 075W,HDMUIPML3465849,US,18387.00,BAKA-SNAK DEXTRINS & OTHER MODIFIED STARCHES,"34,652.02",1870856.00
2-Feb,TRANS-MILLENNIUM MERCANTILE CORPORA,CEREAL TECH PTE LTD.,CALICANTO BRIDGE,18E28479,SG,1500.00,BAKERY INGREDIENTS; CT REVERTASE 6CTNS. X25K,"6,109.49",318067.00
2-Feb,JULRICK MARKETING,FLOWCRETE ASIA SDN. BHD.,CMA CGM VERDI V.247E,EIH1810491Z,MY,14480.00,BASE A + HARDENER B + FILLER C PER PACK ...,"32,263.16",1669703.00
27-Feb,STT PHILIPPINES INC,"ELKEM SILICONES SHANGHAI CO.,",HAI LIAN 1804S,SITGSHMNL02178,CN,12000.00,"BLUESIL TCS 7525AR, BLUESIL TCS 7525 B","119,884.80",6593427.00
20-Feb,CJ PHILIPPINES INC,BEIJING SMILE FEED SCI. & TECH,SITC DAVAO V. 1802S,EURFL18106825,CN,3000.00,CJP SMIZYME PT,"6,450.00",341527.00
6-Feb,BRENNTAG INGREDIENTS INC.,ROQUETTE ITALIA SPA,CMA CGM MUSCA 256MEE,OOLU4044833350,IT,19000.00,CLEARAM CH  20 20,"20,703.33",1108842.00
7-Feb,NUTRI-ASIA INC.,ROQUETTE ITALIA SPA,CMA CGM MUSCA V.256MEE,OOLU4044833310,IT,19000.00,CLEARAM CH 20 20 (MODIFIED STARCH ),"16,452.81",884206.00
15-Feb,NUTRI-ASIA INC.,ROQUETTE ITALIA SPA,CMA CGM VELA V.258MEE,OOLU4044879980,NL,19000.00,CLEARAM CH 20 20 (MODIFIED STARCH ),"16,452.81",886399.00
26-Feb,NUTRI-ASIA INC.,ROQUETTE ITALIA SPA,COSCO HOPE 029E,OOLU4044975070,IT,19000.00,CLEARAM CH 20 20 (MODIFIED STARCH ),"16,452.46",897981.00
27-Feb,NUTRI-ASIA INC.,ROQUETTE ITALIA SPA,COSCO FORTUNE 038E,OOLU4044974760,IT,19000.00,CLEARAM CH 20 20 (MODIFIED STARCH ),"16,452.46",897981.00
7-Feb,INGREDION PHILIPPINES INC.,INGREDION INC,HYUNDAI SINGAPORE V095W,HDMUIPWB3462356,US,18371.00,CLEARJEL S DEXTRINS/NATIONAL 912 DEXTRINS/NA,"17,728.70",956444.00
2-Feb,KINTETSU LOGISTICS(PHILIPPINES)INC.,SHIRAISHI CALCIUM (SHANGHAI) INTERN,ISAO 1801S,SNL8SHPL0300001,CN,10800.00,COLOR PASTE NBT-1937 BLACK,"34,307.68",1850510.00
14-Feb,KINPO ELECTRONICS (PHILIPPINES) INC,ATOM CELS SINGAPORE PTE LTD,CALICANTO BRIDGE V 248N,84361,SG,150.00,CONFORMAL COATING,"9,823.70",535577.00
8-Feb,TRANS-MILLENNIUM MERCANTILE CORPORA,CEREALTECH PTE LTD,LOBIVIA,SINMNL1829368,SG,3219.00,CT TINAPASE/CT REVERTASE,"8,222.91",426162.00
26-Feb,GCP APPLIED TECHNOLOGIES,HENKEL (THAILAND) LTD.,MOL HOPE 0040E,MOLU13807477747,TH,6040.00,DAREX OP649DE-40,"6,258.80",348599.00
15-Feb,SHRIKE INTERNATIONAL TRADING,SHENZHEN DEFOO PACKING,CIRCULAR QUAY,APLU750656450,CN,4420.00,DOUBLE SIDE TAPE,"6,205.77",341341.00
14-Feb,H B FULLER PHILS INC,H.B FULLER ADHESIVE MALASYIA SDN BH,SINO BRIDGE V.002E,COAU7120796580,MY,11600.00,"DURABOND HM 1368, DURABOND HM 3348B","27,785.34",1444982.00
8-Feb,TOTAL COLOURS CORPORATION,COLOSPERSE DYES &,WAN HAI 505 E116,EGLV100750309535,IN,3000.00,ECOMER DMT-45,"6,600.00",347426.00
8-Feb,EDWARD KELLER (PHILS.) INC.,PB LEINER ARGENTINA SA,CMA CGM CONGO V012E,BUEMNO0004171001,AR,20000.00,EDIBLE BEEF GELATIN 240 BLOOM 40 MESH,"124,371.84",6610073.00
21-Feb,EDWARD KELLER (PHILS.) INC.,PB LEINER ARGENTINA SA,SEAMAX ROWAYTON V0005E,BUEMNO0008171201,AR,20000.00,EDIBLE BEEF GELATIN 240 BLOOM 40 MESH,"124,156.42",6615165.00
15-Feb,ALTERNATIVES FOOD CORP,"QINGDAO LANKANG INTERNATIONAL CO.,",NAVIOS SUMMER,AAJY008433,TR,100000.00,EMPRO 90 ISOLATED SOY PROTEIN (EMULSION GRA,"104,800.00",5521148.00
23-Feb,ALTERNATIVES FOOD CORP,"QINGDAO LANKANG INTERNATIONAL CO.,",PHILIPPA SCHULTE,AAJY008487,TR,75000.00,EMPRO 90 ISOLATED SOY PROTEIN (EMULSION GRA,"78,600.00",4196795.00
9-Feb,AMPERE RESOURCES CORPORATION,BDP INTERNATIONAL,NYK JOANNA V.062N,10360,SG,1754.00,ENDOTHERMIC FIRESTOP SEALANT,"18,451.40",1000760.00
28-Feb,WILLS INTERNATIONAL SALES CORP.,NOVOZYMES MALAYSIA SDN BHD,CALICANTO BRIDGE/249N,01PKG0119297,MY,8507.00,ENZYMES 3995324-170 NOVAMYL 1500MG; 3525082-,"191,056.50",10302169.00
20-Feb,AB HEINEKEN PHILIPPINES INC.,NOVOZYMES MALAYSIA SDN BHD,WAN HAI 105/N202,01PKG0115115,MY,1320.00,ENZYMES- ATTENUZYME CORE,"10,025.82",543044.00
1-Feb,YAZAKI-TORRES MANUFACTURING INC.,YAZAKI  CORPORATION,CAPE NABIL 032S,NYKSSM7AA7190200,JP,1657.00,"E-TEC, ADHESIVE, ARONALPHA, SILICON SEALANT","38,326.51",2057986.00
22-Feb,YAZAKI-TORRES MANUFACTURING INC.,YAZAKI  CORPORATION,CAPE NABIL 033S,NYKSSM7AA7205600,JP,633.00,"E-TEC, ADHESIVE, SILICON SEALANT","14,502.18",794041.00
7-Feb,YAZAKI-TORRES MANUFACTURING INC.,YAZAKI  CORPORATION,CALLAO BRIDGE 124S,NYKSSM7AA7191300,JP,1486.00,"E-TEC, ARONALPHA, SILICON SEALANT","32,863.67",1779331.00
26-Feb,DKSH PHILIPPINES INC.,DMV,TOKYO TRIUMPH V004E,OOLU2101023530,NL,5000.00,EXCELLION EM 6 SODIUM CASEINATE,"46,545.00",2512678.00
27-Feb,HILTI PHILIPPINES INC.,HILTI AG,LLOYD DON PASCUALE,MNL215790,DE,917.00,FILLING FOAM,"5,389.84",296968.00
2-Feb,HILTI PHILIPPINES INC.,HILTI AG,CHICAGO EXPRESS,MNL215576,DE,3830.00,"FIRESTOP SILICONE JOINT SPRAY, INSULATING FO","23,322.12",1252029.00
27-Feb,FISCHER PH ASIA INC,FISHERWERKE GMBH & CO KG,MAYVIEW MAERSK MAE8754,STRMNLI00009,DE,7604.00,"FIXING MATERIAL FISEM390S EPOXY RESIN, PUPP","76,845.88",4222882.00
1-Feb,TRANS WORLD TRADING COMPANY,LORD CORPORATION,OOCL HO CHI MINH CITY  20,251717264C,US,948.00,"FLOCKLOK 852, TY - PLY BN ( ADHESIVES )","14,166.00",766736.00
13-Feb,RFM CORPORATION,ENGRAIN LLC,MOL COMPETENCE 057W,NMNL109419,US,5000.00,FOOD ADDITIVES FRAGILE AND PERISHABLE VOLMAX,"239,419.00",12734804.00
1-Feb,3M PHILS. INC.,3M SHANGHAI SPECIALTY MATERIAL,ISAO 1801S,801020,CN,1600.00,GCLF 468MP 50 IN 2500M PRODU,"7,470.84",409891.00
20-Feb,JANGHO GROUP CO LTD PHILIPPINE BRAN,TWO NINE SIX O TRADING PTE.LTD,NYK JOANNA V062N,SE1801005101,SG,598.00,"GE ULTRAGLAZE GREY, GE ALUMINUM GREY","5,181.96",286778.00
15-Feb,SUCERE FOODS CORPORATION,ROUSSELOT (M) SDN BHD,CALICANTO BRIDGE,HDMUSGWB0537040,BR,20000.00,GELATIN 220 H 20,"132,520.00",7061151.00
15-Feb,RIVERDALE CONFECTIONERY INDUSTRY IN,ROUSSELOT SDN BHD,CALICANTO BRIDGE V 248N,HDMUSGWB0537039,SG,20000.00,GELATIN 220H 20,"112,190.00",5980905.00
1-Feb,HOMEBASE TRADING & GEN MERCHANDISE,"PUNING JUN HAO YU TRADING CO., LTD.",SITC MAKASSAR V.1802S,STMK1802MN133,CN,7220.00,GLUE,"8,443.23",440160.00
14-Feb,HOMEBASE TRADING & GEN MERCHANDISE,PUNING JUN HAO YU TRADING CO LTD,SITC GENSAN V. 1804S,STGS1804MN141,CN,3800.00,GLUE,"7,664.69",400727.00
6-Feb,HOMEBASE TRADING & GEN MERCHANDISE,"PUNING JUN HAO YU TRADING CO., LTD.",SITC DAVAO V. 1802S,STDV1802MN041,CN,4990.00,GLUE,"7,562.62",394508.00
23-Feb,HOMEBASE TRADING & GEN MERCHANDISE,PUNING JUN HAO YU TRADING CO LTD,SITC MAKASSAR 1804S,STMK1804MN050,CN,4000.00,GLUE,"6,925.96",364983.00
8-Feb,LEELENG COMMERCIAL INC,LABORATORIES RAYT S.A.U.,MANCHESTER BRIDGE 0014E,400404,ES,2660.00,GLUE MATERIALS (FOR PREPARATION),"7,031.20",386292.00
26-Feb,PRINT4U INC.,DING SHUNG MACHINERY CO LTD,COLOMBO 035S,OOLU2600366520,TW,18400.00,GLUE POWDER,"19,436.00",1100245.00
8-Feb,STT PHILIPPINES INC,STT INC.,CALLAO BRIDGE 124S,YOKABX92521,JP,9072.00,GLUE SE6750A/B,"130,564.22",6939191.00
13-Feb,SYNERGY SALES INTERNATIONAL CORP,XIAMEN QICHEN IMPORT & EXPORT,MS EAGLE V-1803,26704,CN,22000.00,GLUE STARCH AS PER INV#XG180130 dtd. 1/30/20,"12,020.00",631246.00
23-Feb,DECCAN IMPORT & EXPORT TRADING,"YIWU XUZHAN IMP. AND EXP. CO., LTD",DONG FANG QIANG 1803S,SNL8NBPLB401516,CN,9310.00,GLUE STICK,"5,481.98",287282.00
6-Feb,GREAT BUILDERSHOME CORPORATION,YIWU JUZHAN IMP & EXP CO LTD,DONG FANG QIANG,HDMUNXPN2600417,CN,2670.00,GLUE STICK,"5,084.39",262498.00
19-Feb,MAGCARGO TRADING,DONGGUAN YIZHENGTONG IMPORT &,SITC MAKASSAR,STMK1804MN041,CN,4189.00,"GLUE, GLUESTICK","7,859.39",413174.00
7-Feb,BRENNTAG INGREDIENTS INC.,DUPONT NUTRITION BIOSCIENCES APS,LOBIVIA,HLCUANR171242145,DK,2940.00,"GRINDAMYL H 490, GRINDAMYL XV, POWERBAKE 950","42,834.11",2275727.00
8-Feb,H B FULLER PHILS INC,H. B. FULLER ADHESIVES MALAYSIA SDN,XIN QIN HUANG DAO 041E,COAU7120793160,MY,7700.00,GRIPWELL 1201 (INDUSTRIAL ADHESIVES),"13,956.94",721344.00
15-Feb,DESK TOP BAGS PHILIPPINES INC.,GOLDEN COMPANY LIMITED,MOL HORIZON 1098E,PSGNMNL1800580,VN,201.00,HANDBAG ACCESSORIES,"7,370.64",409787.00
9-Feb,SIIX LOGISTICS PHILS. INC.,"SIIX CORP, TOKYO HEADQUARTER",CALLAO BRIDGE 124S,63431,JP,1461.00,HARDENER,"7,377.71",401981.00
7-Feb,ELI LILLY (PHILIPPINES) INC,ELI LILLY AND COMPANY,COSCO HELLAS,12012,US,18144.00,HEMICELL HT 25KG X1BAG PL,"108,192.60",5753556.00
26-Feb,PURECHEM CORPORATION,B.V. NEDERLANDSE INDUSTRIE VAN,NYK VENUS V.054E,HLCURTM180111520,NL,8600.00,HEN EGG ALBUMEN POWDER HIGH WHIP,"75,493.69",4071500.00
26-Feb,PURECHEM CORPORATION,B.V. NEDERLANDSE INDUSTRIE VAN,NYK VENUS V.054E,HLCURTM180111520,NL,1000.00,HEN WHOLE EGG POWDER,"11,436.57",621879.00
9-Feb,WISDOM MFG CO LTD,SHENZHEN IDEAL FRIENDSHIP IMPORT &,BELLA J,79909,CN,15600.00,HENKEL ADHESIVE WG06,"9,951.39",549408.00
22-Feb,WISDOM MFG CO LTD,SHENZHEN IDEAL FRIENDSHIP IMPORT &,ST JOHN,99419,CN,9400.00,HENKEL ADHESIVE WG06,"6,237.13",345873.00
7-Feb,BOSTIK PHILIPPINES INC.,JIANGSU BOSTIK ADHESIVE CO. LTD,ACRUX  N 1803,73044,CN,15400.00,HERBERTS EPS71 AND EPS7380 (ADHESIVE),"48,475.85",2501924.00
21-Feb,BOSTIK PHILIPPINES INC.,JIANGSU BOSTIK ADHESIVE CO. LTD,ISAO1802S,500179,CN,13192.00,HERBERTS HARDENER 107 HERB 2K-LF-520 PURBMP7,"55,206.17",2880524.00
20-Feb,HILTI PHILIPPINES INC.,HILTI CORPORATION,NORTHERN DIAMOND 804A,SGSIN0000085115,SG,31115.00,"HILTI FIXING EQUIPMENT FIRESTOP JOINT SPRAY,","121,445.68",6654446.00
14-Feb,HILTI PHILIPPINES INC.,HILTI CORPORATION,NORTEHRN DEMOCRAT 802A,SGSIN0000084360,SG,10257.00,"HILTI FIXING EQUIPMENT INJECTABLE MORTAR, FS","50,011.56",2711249.00
13-Feb,HILTI PHILIPPINES INC.,HILTI CORPORATION,NORTHERN DEMOCRAT 802A,SGSIN0000084753,SG,6935.00,"HILTIFIXING EQUIPMENT INJECTABLE MORTAR, FIR","61,801.35",3352666.00
2-Feb,AKAGI GOMU PHILS. CORP.,"AKAGI CO., LTD.",CAPE NABIL 032S,YLKS7086253,JP,2454.00,HOT MELT,"9,645.16",519019.00
6-Feb,SIGLO LEATHERWARE MANUFACTURING INC,SHEN ZHEN GNG CO LTD.,TILLY RUSS V. 012S,721BK8008988A,CN,546.00,HOT MELT ADHESIVE,"5,919.48",321815.00
12-Feb,CONSOLIDATED ADHESIVES INC,ADTEK MALAYSIA SDN BHD,NORTHERN VALENCE,SNKO160180100112,MY,17000.00,HOT MELT ADHESIVE (GLUE),"34,340.00",1785305.00
22-Feb,BOSTIK PHILIPPINES INC.,BOSTIK FINDLEY CHINA CO. LTD.,HUANGPU JI SI TERMINAL,13803,CN,9700.00,HOTMELT ADHESIVE TEF LT130A,"23,500.35",1228217.00
21-Feb,HILTI PHILIPPINES INC.,HILTI CORPORATION,NORTHERN DIAMOBND 804A,SGSIN0000085025,SG,773.00,INJECTABLE MORTAR,"16,442.83",898156.00
6-Feb,LLOYD LABORATORIES INC.,INGREDION SINGAPORE PTE LTD.,XIN QIN HUANG DAO,SEMNL1801038601,SG,3065.00,INSTANT TEXTRA 22.7KGS (MODIFIED STARCH),"19,748.91",1054006.00
8-Feb,COMMODITY QUEST INC.,"DEZHOU RUIKANG FOOD CO., LTD",HYUNDAI FORWARD V078S,SSLMN180423,CN,100000.00,ISOLATED SOY PROTEIN,"224,379.98",11598954.00
21-Feb,COMMODITY QUEST INC.,SHANDONG GUSHEN IMPORT EXPORT CO LT,SITC MAKASSAR 1805N,SITGTAMN573443,CN,49400.00,ISOLATED SOY PROTEIN,"110,849.60",5790807.00
8-Feb,BORAL PLASTERBOARD PHILIPPINES INC.,USG BORAL SDN BHD,NORTHERN VALENCE 1644 045N,EGLV090800017647,MY,82096.00,JOINTING COMPOUND PREMIUM PREMIX,"25,268.56",1329626.00
22-Feb,BORAL PLASTERBOARD PHILIPPINES INC.,USG BORAL SDN BHD,EVER BLISS 1646 008N,EGLV090800018902,MY,82096.00,JOINTING COMPOUND PREMIUM PREMIX,"25,268.56",1338885.00
1-Feb,PROMESSO BUSINESS SOLUTIONS CORP,BHOLE BABA MILK FOOD INDUSTRIES LTD,PIRAEUS 17007E,DLH0255246,IN,4000.00,KRISHNA BRAND RENNET CASEIN,"26,765.10",1404350.00
12-Feb,MULTIFLEX RNC PHILS. INC.,CHAN SIEH ENTERPRISES CO LTD,ACRUX N V 1803,KELMNN80125KB001,TW,45000.00,LAMINATION GLUE,"34,128.00",1895568.00
26-Feb,LINTEC PHILIPPINES (PEZA) INC.,"LINTEC (THAILAND) CO., LTD.",MOL HOPE,INLB3053TH764,TH,7240.00,LINTEC SELF ADHESIVE PRODUCTS,"79,728.33",4372810.00
26-Feb,LINTEC PHILIPPINES (PEZA) INC.,LINTEC CORPORATION,CAPE NABIL,TPRB873,JP,7931.00,LINTEC SELF ADHESIVE PRODUCTS,"64,865.87",3565246.00
9-Feb,LINTEC PHILIPPINES (PEZA) INC.,LINTEC CORPORATION,CALLAO BRIDGE,TPRA858,JP,5688.00,LINTEC SELF ADHESIVE PRODUCTS,"62,112.04",3377869.00
27-Feb,LINTEC PHILIPPINES (PEZA) INC.,PT. LINTEC INDONESIA,LEDA TRADER,3486,ID,13223.00,LINTEC SELF ADHESIVE PRODUCTS,"61,671.53",3386158.00
27-Feb,LINTEC PHILIPPINES (PEZA) INC.,PT. LINTEC INDONESIA,KMTC CHENNAI,JKT2474054,ID,12544.00,LINTEC SELF ADHESIVE PRODUCTS,"57,936.39",3201394.00
23-Feb,LINTEC PHILIPPINES (PEZA) INC.,LINTEC SINGAPORE PTE LTD,NYK JOANNA,JBMNL05575,SG,5402.00,LINTEC SELF ADHESIVE PRODUCTS,"46,992.63",2578610.00
22-Feb,LINTEC PHILIPPINES (PEZA) INC.,"LINTEC (THAILAND) CO.,LTD.",SFL AVON,ACUMNL18020024,TH,4004.00,LINTEC SELF ADHESIVE PRODUCTS,"43,744.80",2401143.00
20-Feb,LINTEC PHILIPPINES (PEZA) INC.,LINTEC CORPORATION,IWASHIRO,TPRB865,JP,4616.00,LINTEC SELF ADHESIVE PRODUCTS,"43,268.38",2358444.00
6-Feb,LINTEC PHILIPPINES (PEZA) INC.,"LINTEC (THAILAND) CO.,LTD.",SITC BANGKOK,ACUMNL18010011,TH,4164.00,LINTEC SELF ADHESIVE PRODUCTS,"38,877.22",2120387.00
7-Feb,LINTEC PHILIPPINES (PEZA) INC.,"LINTEC (THAILAND) CO.,LTD.",MOL HOPE,INLB3035TH764,TH,4310.00,LINTEC SELF ADHESIVE PRODUCTS,"35,776.83",1947122.00
21-Feb,LINTEC PHILIPPINES (PEZA) INC.,PT. LINTEC INDONESIA,ST. GREEN,52JKT0014766,ID,3189.00,LINTEC SELF ADHESIVE PRODUCTS,"20,570.08",1131601.00
16-Feb,HARDWARE & INDUSTRIAL SOLUTIONS INC,THREE BOND MANUFACTURING (THAI,MOL SPARKLE 1066N,LCHHSE18020020,TH,8000.00,LIQUID GASKET,"26,329.12",1437684.00
12-Feb,HANKYU HANSHIN LOGISTICS PHILS INC.,ITATSU CO LTD,CALLAO BRIDGE 124S,MEI1173050,JP,438.00,LOCTITE,"7,797.03",422305.00
8-Feb,HENKEL PHILIPPINES INC.,HENKEL CHEMICAL TECHNOLOGIES,YM HYDRA 1803,SHA814745,CN,4987.00,LOCTITE LIOFOL LA 7723 200KG,"15,990.27",830023.00
2-Feb,HENKEL PHILIPPINES INC.,HENKEL SINGAPORE PTE LTD,CALICANTO BRIDGE 247N,MNL180106620352,SG,282.00,"LOCTITES (LOCTITE 155235 KT1OZEN/CH,","10,022.74",539225.00
23-Feb,HENKEL PHILIPPINES INC.,HENKEL SINGAPORE PTE LTD,NYK JOANNA 063N,MNL180206620077,SG,207.00,"LOCTITES (LOCTITE MR 5923 CAN1PTEN,","8,046.24",445138.00
27-Feb,BRENNTAG INGREDIENTS INC.,SOLVAY USA INC,HYUNDAI BUSAN V 105W,CHXMAN1803001,US,816.00,MACKPRO KLP,"12,324.67",657224.00
1-Feb,B/E AEROSPACE B.V. - (PHIL BRANCH),MAGNOLIA ADVANCED,NYK ATLAS 100W,11025,US,2605.00,MAGNOLIA 7010 PART A 55 GAL DRUM,"129,720.00",6966724.00
2-Feb,JAMES HARDIE PHILIPPINES INC,VIVACITY ENGINEERING PTY LTD,K PHOENIX,SMNLE22785,AU,2150.00,MEGAPOXY P1-20L,"10,097.99",547938.00
9-Feb,ELEMATEC ANGELES INC.,ELEMATEC CORPORATION,CALLAO BRIDGE V.124S,YOKMNL8016433,JP,1209.00,"MODIFIED CYCLOALIPHATIC POLYAMINE COMPOUND,","21,039.52",1223699.00
6-Feb,JEBSEN & JESSEN INGREDIENTS (P),VEDAN VIETNAM ENTERPRISE CORP.,ST BLUE 021E,OOLU2599307629,VN,180000.00,MODIFIED STARCH ACETYLATED DISTARCH ADIPATE,"125,140.65",6495672.00
14-Feb,JEBSEN & JESSEN INGREDIENTS (P),VEDAN VIETNAM ENTERPRISE CORP,ST EVER 023A,OOLU2599307621,VN,36000.00,MODIFIED STARCH DISTARCH PHOSPHATE CTF-7657,"21,607.02",1130840.00
6-Feb,BATAAN 2020 INC.,"SMS CORPORATION CO., LTD",SITC BANGKOK V.1801N,SITGLCMN114293,TH,17000.00,MODIFIED STARCH FOR PAPER MAKING  (EXCELSIZE,"11,135.00",584009.00
6-Feb,BATAAN 2020 INC.,"SMS CORPORATION CO., LTD",SITC BANGKOK V.1801N,SITGLCMN113862,TH,17000.00,MODIFIED STARCH FOR PAPER MAKING  (EXCELSIZE,"10,370.00",544623.00
7-Feb,UNSU CORPORATION,ROQUETTE ITALIA SPA,CMA CGM MUSCA 255,APLU709085223,IT,24000.00,MODIFIED STARCH PXG,"43,204.06",2306707.00
20-Feb,UNSU CORPORATION,ROQUETTE ITALIA SPA,CMA CGM VELA 257,APLU709000905,IT,24000.00,MODIFIED STARCH PXG,"43,204.06",2328763.00
14-Feb,INGREDION PHILIPPINES INC.,NATIONAL STARCH AND CHEMICAL,MOL HOPE 0039E,MOLU13807387577,TH,33950.00,MODIFIED STARCH(QUIK TEX 3331/PURITY77 HV 7,"30,818.75",1602014.00
15-Feb,THE PUREFOODS HORMEL COMPANY INC,GENERAL STARCH LTD,MOL HORIZON,BKKCB17018240,TH,76500.00,MODIFIED TAPIOCA STARCH,"36,280.89",1909760.00
22-Feb,THE PUREFOODS HORMEL COMPANY INC,GENERAL STARCH LTD,MOL HOPE,BKKCB18000751,TH,76500.00,MODIFIED TAPIOCA STARCH,"36,280.89",1923071.00
27-Feb,THE PUREFOODS HORMEL COMPANY INC,GENERAL STARCH LTD,HYUNDAI HARMONY,HDMUTHML0883457,TH,76500.00,MODIFIED TAPIOCA STARCH,"36,280.89",1934602.00
6-Feb,THE PUREFOODS HORMEL COMPANY INC,SMS CORPORATION CO.LTD,SITC BANGKOOK,SITGBKMN102738,TH,72000.00,MODIFIED TAPIOCA STARCH,"34,722.00",1824540.00
13-Feb,THE PUREFOODS HORMEL COMPANY INC,SMS CORPORATION CO LTD,SITC LIAONING,SITGBKMN102735,TH,48000.00,MODIFIED TAPIOCA STARCH,"23,148.00",1221459.00
20-Feb,THE PUREFOODS HORMEL COMPANY INC,SMS CORPORATION CO.LTD,SITC GUANGDONG,SITGBKMN102737,TH,48000.00,MODIFIED TAPIOCA STARCH,"23,148.00",1229953.00
14-Feb,RAM FOOD PRODUCTS INC,SINO THAI STARCH CO LTD,SITC BANGKOK 1801N,SITGLCMN116098,TH,18000.00,MODIFIED TAPIOCA STARCH,"18,245.44",952686.00
26-Feb,ENASIA IMPORT EXPORT CORPORATION,GREEN SIAM MARKETING CO LTD,WAN HAI 162 S294,0358X02075,VN,19000.00,MODIFIED TAPIOCA STARCH,"13,114.40",696602.00
9-Feb,HENKEL PHILIPPINES INC.,NATIONAL STARCH AND CHEMICAL,MONACO 0037N,MOLU13807413378,TH,18000.00,MODIFIED TAPIOCA STARCH (AMYLOK 321 25KGS),"18,554.44",966242.00
8-Feb,THE PUREFOODS HORMEL COMPANY INC,GENERAL STARCH LTD,MOL HOPE,BKKCB17018239,TH,51000.00,MODIFIED TAPIOCA STARCH GELPRO L,"24,187.26",1272151.00
12-Feb,NUTRI-ASIA INC.,TATE & LYLE NETHERLANDS B.V.,TALOS V.007E,OOLU4026920640,NL,39500.00,MODIFIED WAXYMAIZE STARCH,"35,312.62",1894652.00
7-Feb,NUTRI-ASIA INC.,TATE & LYLE NETHERLANDS B.V.,THALASSA PISTIS V.020E,OOLU4026920380,NL,19750.00,MODIFIED WAXYMAIZE STARCH,"17,656.33",948132.00
23-Feb,NUTRI-ASIA INC.,TATE & LYLE NETHERLANDS B.V.,TOKYO TRIUMPH 004E,OOLU4026932280,NL,19750.00,MODIFIED WAXYMAIZE STARCH,"17,656.31",962934.00
23-Feb,NUTRI-ASIA INC.,TATE & LYLE NETHERLANDS B.V.,TOKYO TRIUMPH 004E,OOLU4026932270,NL,19750.00,MODIFIED WAXYMAIZE STARCH,"17,656.31",962934.00
6-Feb,NUTRI-ASIA INC.,TATE & LYLE NETHERLANDS B.V.,CSCL STAR 052E,OOLU4026916180,NL,39500.00,MODIFIED WAXYMAIZE STARCH (RESISTAMYL 345),"35,312.62",1889949.00
7-Feb,SHIMANO PHILIPPINES INC,SHIMANO SINGAPORE PTE LTD,BUXMELODY V.093N,SNKO162180100158,SG,591.00,MOLD,"41,018.32",2225565.00
22-Feb,CAE ENTERPRISES PHILS INC,ROVSKI SDN BHD,HERMA V. 18001E,PKGMNL1802079F,MY,5500.00,MS MODIFIED SILICONE,"15,950.00",839657.00
19-Feb,INGREDION PHILIPPINES INC.,NATIONAL STARCH AND CHEMICAL,MOL HORIZON 1098E,MOLU13807422718,TH,186150.00,NATIONAL 8991/ NOVATION (TM),"179,038.50",9354605.00
23-Feb,NUTRA TECH BIOPHARMA INC.,BIOPOTON PTY LTD,MSC ANYA,846028,AU,26960.00,NATUZYME FEED ENZYME,"86,500.81",4513269.00
28-Feb,MULTI-LINE STRUCTURES CORP,SHANDONG FEIDU ADHESIVE TECHNO,HYUNDAI GLORY 092S,CCL18020274,CN,17405.00,NETURAL WEATHERPROOF SILICONE SEALANT,"55,464.58",2911740.00
1-Feb,WU KONG SINGAPORE PTE. LTD. PHIL.,DOW CORNING CDW,OOCL MEMPHIS V. 036W,DTW0075397,US,1640.00,NON HAZARDOUS SILICONE PRODUCTS,"20,023.42",1101083.00
13-Feb,EDWARD KELLER (PHILS.) INC.,INGREDION GERMANY GMBH,THALASSA PISTIS V0957003E,EBJ31107659,DE,40000.00,"NOVATION TM 3300, HI FLO PG","90,390.03",4829443.00
20-Feb,JEBSEN & JESSEN INGREDIENTS (P),DANISCO SINGAPORE PTE LTD,NORTHERN DIAMOND V.804A,MCB161548,SG,4052.00,"OPTIMAX (R) 4060VHP, OPTIMALT (R) BBA","62,622.94",3363588.00
7-Feb,MASTERTECH INTERGROUPPE INC.,EFTEC THAILAND CO LTD,ANDERSON BRIDGE 1801N,LCHHSE18010047,TH,5500.00,P-1228 SEALTOP M120S,"8,489.62",452629.00
21-Feb,TANIKA PHILIPPINES CORPORATION,SHENZHEN TONGXIADA IMPORT AND EXPOR,WARNOW MASTER 0234 049S,SZOE12021371,CN,155.00,PAPER LABEL,"7,026.79",385071.00
13-Feb,TANIKA PHILIPPINES CORPORATION,SHENZHEN TONGXIADA IMPORT AND EXPOR,WARNOW MATE 0233 124S,SZOE12021226,CN,132.00,PAPER LABEL,"5,937.30",323253.00
23-Feb,PURATOS PHILIPPINES INC.,PURATOS NV,THALASSA ELPIDA 0961 020E,OOLU4026447790,BE,6500.00,"PASELLI BC, RESISTAMYL 367","12,130.06",655862.00
13-Feb,TOYOTA TSUSHO PHILS. CORP.,TOYOTSU CHEMIPLAS CORPORATION,OOCL NAGOYA V.101S,OOLU4034344299,JP,1864.00,PLASTIC RESIN (S440),"14,400.00",783664.00
20-Feb,WIN FORMULA INC,CONNWAY CO. LTD,IWASHIRO 251S,KELMNL1802023,TW,910.00,PLASTISOL,"6,985.27",382578.00
8-Feb,H B FULLER PHILS INC,H. B. FULLER ADHESIVES MALAYSIA SDN,XIN QIN HUANG DAO 041E,COAU7120793160,MY,1740.00,PM-7243M (INDUSTRIAL ADHESIVES),"7,259.17",375819.00
7-Feb,WU KONG SINGAPORE PTE. LTD. PHIL.,NEDEX CHEMIE DEUTSCHLAND GMBH,ITAL MELODIA 0814-114W,EGLV560700742749,DE,17357.00,POLYSULFIDE COMPONENT,"66,279.95",3593825.00
21-Feb,WU KONG SINGAPORE PTE. LTD. PHIL.,NEDEX CHEMIE DEUTSCHLAND GMBH,ITAL MILIONE 0816-091W,EGLV560700760101,NL,15936.00,POLYSULFIDE COMPONENT,"56,048.48",3159243.00
19-Feb,GRESERR CONTRACTORS & BUILDERS INC,"WELONS INDUSTRIAL CO., LTD",TILLY RUSS 013S,APLU750656528,CN,2140.00,POLYURETHANE SEALANT-LT-,"7,419.43",387134.00
9-Feb,FOOD INDUSTRIES INC.,ROQUETTE ITALIA SPA,MANCHESTER BRIDGE 014E,KKLUGOA144831,IT,18000.00,PREGEFLO CH 10,"32,752.32",1747443.00
23-Feb,PURATOS PHILIPPINES INC.,PURATOS NV,THALASSA ELPIDA 0961 020E,OOLU4026447790,BE,2000.00,"PREMIX SHELF LIFE EXTENDER B10878,  PREMIX X","35,132.66",1896114.00
7-Feb,PURATOS PHILIPPINES INC.,PURATOS NV,THALASSA PISTIS 0958 020E,OOLU4026447160,BE,700.00,"PREMIX SHELF LIFE EXTENDER B10878, PREMIX X-","12,949.32",688537.00
14-Feb,GCK INTERNATIONAL INC,UZIN UTZ CONSTRUCTION MATERIALS SHA,BINDI IPSA V.1802S,SHAMNL8370615V,CN,3720.00,PRIMER UZIN PE360 PLUS ADHESIVE UZIN PE330,"10,748.41",561351.00
5-Feb,THE PUREFOODS HORMEL COMPANY INC,ESSENTIA PROTIEN SOLUTIONS,BUDAPEST EPXRESS,712013,GB,22400.00,PROTEIN ISOLATE 1015,"65,044.77",3374963.00
22-Feb,ALTERNATIVES FOOD CORP,SCANFLAVOUR A/S,NYK EAGLE,101001,DK,21000.00,PROTEIN SUBSTANCE (SCANGEL A-93),"18,472.00",988510.00
7-Feb,ALTERNATIVES FOOD CORP,SCANFLAVOUR A/S,NYK FALCON,104001,DK,22000.00,PROTEIN SUBSTANCE (SCANGEL B-100/2),"18,952.00",1004243.00
23-Feb,THE FINIX CORPORATION,SHENZHEN GUANGHUATAI IMPORT &,ASIA IPSA S054,SZGLW1801117,CN,3596.00,"PU PRIMER MATERIALS, RESURFACER, PU SELF LEV","13,599.87",713550.00
14-Feb,UNILEVER RFM ICE CREAM INC,AVOCA INC,OOCL TAIPEI 021W,OOLU4044886230,US,2013.00,PURE ICE STRUCTURING PROTEIN,"109,426.87",5715275.00
2-Feb,INGREDION PHILIPPINES INC.,INGREDION INC. 5 WESTBROOK,HYUNDAI HONGKONG 105W,HDMUIPWB3459236,US,19041.00,"PURITY GUM 1773/ COLFLO67 (TRUETRACE,IP)","29,734.64",1580429.00
22-Feb,INGREDION PHILIPPINES INC.,NATIONAL STARCH AND CHEMICAL,MOL HOPE 0040E,MOLU13807422960,TH,46000.00,PURITY SM 100/PURITY 1 AND,"46,975.08",2461785.00
20-Feb,MAKATI DEVELOPMENT CORPORATION,VANJOIN GROUP,YM IDEALS,DCSZ18010569,CN,34515.00,PUTTY POWDER,"5,876.19",313968.00
21-Feb,KK CONVERTER PHILS INC.,KUO TAI RESIN INDUSTRIAL CO LTD,WAN HAI,0017D96913,TW,36000.00,RAW MATERIALS FOR MANU.PRESSURE SENSITIVE LA,"22,390.00",1230818.00
8-Feb,KK CONVERTER PHILS INC.,KUO TAI RESIN INDUSTRIAL CO LTD,WAN HAI 162,0017D96893,TW,31744.00,RAW MATERIALS FOR MANU.PRESSURE SENSITIVE LA,"22,220.80",1217739.00
21-Feb,MONDELEZ PHILIPPINES INC,FONTERRA LIMITED,SINE MAERSK V. 1710,45334,NZ,61450.00,RENNET CASEIN 90 MESH CASEINE PRESSURE 90,"416,379.69",21668323.00
1-Feb,FISCHER PH ASIA INC,FISCHERWERKE GMBH & CO KG,YM WITNESS MOL1274,STRMNLH02401,DE,938.00,RM II 16 E CAPSULES,"5,129.46",278376.00
6-Feb,UNIVERSAL ROBINA CORPORATION,DSM NUTRITIONAL PRODUCTS ASIA,LOBIVIA V. 059E,SINCB18000978,SG,25000.00,RONOZYME NP (CT),"213,558.01",11334685.00
8-Feb,BOUNTY FRESH FOODS INC,ADISSEO ASIA PACIFIC PTE LTD,TIANJIN BRIDGE,SEMNL180120401,FR,12552.00,"ROVABIO ADV P, ROVABIO MAX ADV L, ROVABIO AD","292,000.00",15503745.00
1-Feb,SCAD SERVICES (S) PTE. LTD. - PHIL,"YOSHIMOTO TRADING CO., LTD.",IWASHIRO V. 250S,KBMN18013101,JP,896.00,RUBBER GLUE RQ-NV7E,"8,197.31",454625.00
13-Feb,BOSTIK PHILIPPINES INC.,BOSTIK AUSTRALIA PTY LTD,CMA CGM BELUNI 211N,MELAS31740770,AU,31360.00,SBR SEALANT AND SEAL N FLEX 1 GREY EXP N,"98,953.99",5116600.00
15-Feb,IK PLASTIC COMPOUND PHILS. INC,NIPPON PIGMENT CO LTD,IWASHIRO 251S,YHMNL41200218JP,JP,203.00,"SC-4514, KAO WAX EB-FF","13,963.85",760274.00
19-Feb,PILIPINAS KYOHRITSU INC.,"SUMITOMO WIRING SYSTEMS, LTD",IWASHIRO V251S,JPPHTYO03150,JP,357.00,SEALANT,"9,076.30",494660.00
9-Feb,PILIPINAS KYOHRITSU INC.,"SUMITOMO WIRING SYSTEMS, LTD",CALLAO BRIDGE V124S,JPPHTYO03145,JP,218.00,SEALANT,"5,552.56",302027.00
22-Feb,SUMI PHILIPPINES WIRING SYSTEMS,SUMITOMO WIRING SYSTEMS LTD,CAPE NABIL 033S,NYKSNG6KK2646400,JP,249.00,SEALANT,"5,125.44",281427.00
7-Feb,A DIMAGUILA ENTERPRISES INC,"YOKOHAMA RUBBER THAILAND CO., LTD.",ANDERSON BRIDGE,S00094997,TH,795.00,SEALANT AND PRIMER,"9,894.00",536931.00
8-Feb,A DIMAGUILA ENTERPRISES INC,ASIA KENDY CO. LTD.,SITC BANGKOK 1801N,S00092232,TH,29390.00,SEALANT CEMEDINE,"45,653.76",2478412.00
5-Feb,EUROTILES INDUSTRIAL CORPORATION,SEL DIS TIC VE KIMYA SANAYI.AS,COLOMBO 032S,441995,TR,1932.00,"SELSIL PU SEALANT 600ML WHITE,GRAY","8,410.80",461362.00
6-Feb,SIKA PHILIPPINES INC.,SIKA KIMIA SDN BHD LOT 689,CALICANTO BRIDGE V.247N,PKGMNL181262,MY,6300.00,SIKA WT-220 PMY,"12,671.65",700136.00
9-Feb,SIKA PHILIPPINES INC.,SIKA KIMIA SDN BHD LOT 689,NYK JOANNA V.062N,PKGMNL181281,MY,3000.00,"SIKA WT-220 PMY 3.5kg/bag, SIKABIT W-1 (25kg","5,927.18",330759.00
23-Feb,BOSTIK PHILIPPINES INC.,BOSTIK B.V.,NYK ORIION,89100,NL,1942.00,SIMSON IRS 70-08 AP BLACK (ADHESIVE),"8,832.94",488048.00
13-Feb,ASIAN COATINGS PHILS.INC.,SGC TRADING  CO LTD,SITC LIAONING V1801N,SITDLCMN116266,TH,21720.00,SISTA D 100,"83,659.20",4334392.00
21-Feb,FRABELLE CORPORATION,QUINGDAO LANKANG INTERNATIONAL,PHILIPPA SCHULTE,AAJY008572,CN,22000.00,SOY PROTEIN ISOLATE PUREPRO 90E,"50,820.00",2657998.00
21-Feb,FRABELLE CORPORATION,QINGDAO LANKANG,PHILIPPA SCHULTE,AAJY008464,CN,22000.00,SOY PROTEIN ISOLATED PUREPRO 90E,"50,820.00",2657997.00
7-Feb,CARGILL TEXTURIZING SOLUTIONS,CARGILL INCORPORATED,CALLAO BRIDGE V. 124S,NYKSCHITJ6850400,US,15876.00,STABITEX-INSTANT 12624 MOD STARCH,"22,860.99",1223164.00
27-Feb,CARGILL TEXTURIZING SOLUTIONS,CARGILL INCORPORATED,CAPE NABIL V. 033S,NYKSCHIU00614300,US,15876.00,STABITEX-INSTANT 12624 MOD STARCH,"22,860.96",1242305.00
7-Feb,TEMIC AUTOMOTIVE (PHILS.) INC.,DOW CORNING SINGAPORE PTE LTD,LOBIVIA 060E,SIN9103111,SG,909.00,STC DOW CORNING 7091 ADHESIVE SEALANT BLACK,"11,962.38",653634.00
7-Feb,PROCTER & GAMBLE PHILIPPINES INC,NOVOZYMES A/S KROGSHOJVEJ 36,NYK VEGA V. 057E,CPH32102206,DK,5000.00,STC ECLIPSE  (91407951),"79,549.64",4225616.00
24-Feb,PROCTER & GAMBLE PHILIPPINES INC,NOVOZYMES (CHINA) BIOTECHNOLOGY CO,TR PORTHOS V. 004S,TSN32101065,CN,6000.00,STC MEDLEY (91667020),"47,513.09",2492319.00
7-Feb,S.D. TRADING CORPORATION,SUNSTAR CHEMICAL (THAILAND),SITC BANGKOK,MNL00420118,TH,24080.00,SUNSTAR BRAND SEALING COMPOUND,"17,435.12",958978.00
20-Feb,BOSTIK PHILIPPINES INC.,CORKJOINT SINGAPORE PTD LTD,CALICANTO BRIDGE 248N,CAL248NM1603,SG,12420.00,SUPERSWELL 47B HYDROPLHILIC BUTYL RUBBER WAT,"46,818.00",2566030.00
22-Feb,BRENNTAG INGREDIENTS INC.,SOLAE LLC,MAERSK KOLKATA V 804S,53502,US,18000.00,SUPRO 500E,"62,396.00",3312123.00
15-Feb,BRENNTAG INGREDIENTS INC.,NOVOZYMES CHINA BIOTECHNOLOGY,CIRCULAR QUAY V 267XWS,TSN31102815,CN,10800.00,T BLEND ENZYME,"77,068.80",4016965.00
20-Feb,BRENNTAG INGREDIENTS INC.,ROQUETTE FRERES,NYK ORION V 050E,KKLULEH174971,FR,30000.00,TACKIDEX I 231,"60,024.39",3229028.00
23-Feb,CM ABAYAN TRADING,YIWU JUZHAN IMP & EXP,HANSA FRESENBURG S007,505612,CN,6106.00,TAPE,"11,093.12",584433.00
21-Feb,CM ABAYAN TRADING,HUIZHOU BAISHUNXIN TRADE CO LT,SITC MAKASSAR 1804S,STMK1804MN275,CN,1170.00,TAPE ADHESIVE TAPE  BRAND NO BRAND,"5,534.39",292457.00
8-Feb,HENKEL PHILIPPINES INC.,HENKEL CHEMICAL TECHNOLOGIES,YM HYDRA 1803,SHA814745,CN,13013.00,"TECHNOMELT EASY-PAC 100 25KG,TECHNOMELT","41,726.15",2157851.00
21-Feb,HENKEL PHILIPPINES INC.,HENKEL JAPAN LTD,CORDELIA 263TVS,KIX4895691659,JP,8000.00,TECHNOMELT PA 6827 20KG,"56,150.83",3075385.00
19-Feb,NBC (PHILIPPINES) CAR TECHNOLOGY,NBC CORPORATION,IWASHIRO 251S,ENGO18020044,JP,300.00,THERMELT,"6,479.36",352198.00
20-Feb,INTER-GLOBAL GROUP DEVELOPMENT CORP,BEIJING MECKEY ENGINEERING CO.,PHILIPPA SCHULTE V.087XAS,AQDMNYL0920501,CN,21712.00,"THERMOSTABLE A-AMYLASE, SUPER PERFORMANCE CO","47,760.68",2571122.00
8-Feb,GOLDEN WHEEL INDUSTRIAL MFG CORP,DOW EUROPE GMBH,NYK ALTAIR,71079,FR,3000.00,THIXON,"9,987.50",546466.00
23-Feb,SCG MARKETING PHILIPPINES INC.,"SCG TRADING CO., LTD",SITC GUANGDONG V. 1803N,SITGLCMN116576,TH,23000.00,TILE GROUT MONTANIA BRAND(TILE GROUT DESERT,"8,828.76",472381.00
22-Feb,KINTETSU LOGISTICS(PHILIPPINES)INC.,MOMENTIVE PERFORMANCE MATERIAL,CAPE NABIL 033S,HTEX18020456,JP,569.00,"TSE3975-B, TSE3940, TSE3062 A+B KIT,","68,575.70",3749116.00
15-Feb,EC STRUCTURAL COMPOSITES INC,Fyfe Asia PTE ltd,KOTA JUTA V.0322E,SINMNL1829492,SG,5208.00,TYFO  S EPOXY,"29,107.22",1587080.00
22-Feb,BASF PHILIPPINES INC,BASF MALAYSIA SDN BHD,EVER BLISS 1646-008N,EGLV091830062061,MY,12658.00,UCRETE PT2 COMMON UCRETE PT4 GREY,"8,514.33",449368.00
12-Feb,PHILTECH GLASS INDUSTRIES CORP,ROYAL ADHESIVE & SEALANTS,HYUNDAI SINGAPORE V.095W,S00022479,US,12278.00,ULTRA/BOND ADHESIVE RUBBER COMPOUND AND GUNT,"88,993.11",4839037.00
12-Feb,SUPERL PHILIPPINES INC,SUPERL HOLDINGS LTD,BELLA J V. 18001S,ELCKHKG18010085,HK,725.00,WATER BASED ADHESIVE,"5,583.99",302545.00
23-Feb,PERPETUAL PRIME MFG. INC.,BASIC ADHESIVES GROUP,ST JOHN 18006S,188,HK,1845.00,WATER BASED ADHESIVES (NON-HAZARDOUS),"11,050.23",609456.00
26-Feb,BOSTIK PHILIPPINES INC.,POLYCOAT PRODUCTS,YM MUTUALITY 055W,404680,US,38368.00,WATERPROOFING MATERIALS (BOSCOSEAL PU),"94,716.88",5216618.00
20-Feb,BOSTIK PHILIPPINES INC.,POLYCOAT PRODUCTS,YM MASCULINITY 047W,406769,US,38368.00,WATERPROOFING MATERIALS BOSCOSEAL PU,"94,716.88",5185056.00
7-Feb,HBW ENTERPRISES COMPANY,"NINGBO SUNLIT INTERNATIONAL CO., LT",SEASPAN NEW DELHI,COAU7056542580,CN,16895.00,WHITE GLUE-ITEM#88151-36D,"12,866.66",673208.00
27-Feb,KASAMAHAN KAIBIGAN TRADING,"NINGBO SUNLIT INTERNATIONAL CO., LT",ISAO,SITGNBMN206384,CN,10530.00,"WHITE GLUE-ITEM#G-40, ITEM#88151-36D","7,203.00",384141.00
27-Feb,HBW ENTERPRISES COMPANY,"NINGBO SUNLIT INTERNATIONAL CO., LT",SEASPAN NINGBO,COAU7056547230,CN,37100.00,"WHITE GLUE-ITEM#G-40, ITEM#G-100, ITEM#88151","27,168.64",1437287.00
13-Feb,INGREDION PHILIPPINES INC.,INGREDION INC,HYUNDAI VANCOUVER V 241W,HDMUIPWB3462972,US,19000.00,WNA HI CAP 06465100CE WNA 32336104CE HI CAP,"31,866.14",1709677.00
21-Feb,EAST ASIA LABORATORIES INC.,NATURAL REMEDIES PRIVATE LTD,HS BAFFIN,GOSUBNR6001423,IN,16250.00,ZIGBIR POWDER,"40,281.28",2162849.00
21-Feb,EAST ASIA LABORATORIES INC.,NATURAL REMEDIES PRIVATE LTD,HS BAFFIN,GOSUBNR6001423,IN,7008.00,ZIST LIQUID AND ZIGBIR LIQUID,"28,493.15",1530871.00
22-Feb,CHEMICAL RESEARCH PRODUCTS,PROTECH INTERNATIONAL,QR928,254986025H,US,957.00,1 PKG STC: ENZYMES AND PREPARED ENZYMES,"14,780.94",797662.00
10-Feb,STMICROELECTRONICS INC.,HENKEL KOREA LTD,KE621,AMO288573,KR,89.00,12025.00 NE LOCTITE ABLESTIK ETC,"30,971.44",1684716.00
7-Feb,WATERKONSULT EQUIPT & SVCS INC,BIOWISH TECHNOLOGIES INC,CI701,SRSRWA240,US,291.00,"126 EA BIOWISH AQUA FOG 1KG/2.2LB (DL),","11,340.00",607400.00
13-Feb,PSI TECHNOLOGIES INC.,HENKEL TECHNOLOGIES (KOREA) LTD,PR469,USE01555304,KR,34.00,150.00 EA LOCTITE ABLESTIK QM1529HT,"25,883.66",1410668.00
13-Feb,ACBEL POLYTECH PHILIPPINES INC.,GREAT GUM ENTERPRISE CO. LTD,5J311,UTP12820010,TW,39.00,24.00 CAN ADHESIVES,"8,344.98",458583.00
23-Feb,PSI TECHNOLOGIES INC.,STARCKE GMBH & CO,EY428,DUS41802010,DE,193.00,"2994.00 PE DISC,SELF ADHESIVE","12,724.20",705580.00
6-Feb,ELEMATEC PHILIPPINES INC,ELEMATEC CORPORATION,JL741,NEC60605683,JP,298.00,3M EW2045 ADHESIVE,"45,229.63",2451262.00
10-Feb,VISHAY (PHILS.) INC.,SOLEPOXY INC,PR127,ROC87055603,US,152.00,EPOXY POWDER PELLETS,"5,539.77",303139.00
26-Feb,VISHAY (PHILS.) INC.,SOLEPOXY INC,PR127,ROC87055791,US,152.00,EPOXY POWDER -PELLETS,"5,510.20",305493.00
28-Feb,TANDUAY DISTILLERS INC.,BIO-SYS INDICORP,MH804,643730,IN,200.00,8DRUM AR BOOSTERASE ENZYME FOR MOLASSES TO E,"13,329.14",724042.00
22-Feb,STMICROELECTRONICS INC.,HENKEL KOREA LTD,KE621,AMO288579,KR,65.00,9840.00 NE LOCTITE ABLESTIK,"26,926.51",1486605.00
12-Feb,CIRTEK ELECTRONICS CORPORATION,CIRTEK SEMICONDUCTOR INC,PR103,JSI05044895,US,18.00,ABLESTIK EPOXY,"5,181.09",286921.00
19-Feb,CIRTEK ELECTRONICS CORPORATION,CIRTEK SEMICONDUCTOR INC,PR103,JSI05044928,US,91.00,ABLESTIK EPOXY (FROZEN ADHESIVE),"33,597.82",1842152.00
13-Feb,ELEMATEC PHILIPPINES INC,"ASEC CO., LTD.",CI701,KKS209236,TW,290.00,ADHESIVE,"93,199.39",5056970.00
22-Feb,ELEMATEC PHILIPPINES INC,ELEMATEC CORPORATION,PR0431,16760,JP,743.00,ADHESIVE,"38,586.80",2125113.00
28-Feb,ELEMATEC PHILIPPINES INC,ELEMATEC CORPORATION,PR431,16771,JP,630.00,ADHESIVE,"33,828.85",1863854.00
1-Feb,MITSUMI PHILIPPINES INC.,HERAEUS ZHAOYUAN CHANGSU ELECT,JL741,686316,CN,223.00,ADHESIVE,"21,235.20",1186968.00
2-Feb,MAXTRONIX INC.,DYMAX ASIA PACIFIC PTE. LTD,FX5158,86853,SG,31.00,ADHESIVE,"15,705.23",850429.00
4-Feb,IM DIGITAL PHIL INC,SAKAI TRADING COMPANY LIMITED NDS,LD 0457,12356,JP,103.00,ADHESIVE,"10,255.71",560450.00
17-Feb,ELEMATEC PHILIPPINES INC,ELEMATEC CORPORATION,JL745,NEC60811376,JP,158.00,ADHESIVE,"8,209.95",453886.00
13-Feb,TDK PHILIPPINES CORPORATION,THREE BOND SINGAPORE PTE LTD,SQ910,NES60147813,JP,10.00,ADHESIVE,"7,210.56",396569.00
13-Feb,ASIAN TRANSMISSION CORPORATION,THREE BOND SINGAPORE PTE LTD,SQ910,NES60147835,JP,180.00,ADHESIVE,"7,090.93",390084.00
19-Feb,APM TECHNICA AG,EPOXY TECHNOLOGY,FX5158,33642,US,22.00,ADHESIVE,"6,651.90",368853.00
9-Feb,DYSON ELECTRONICS PTE LTD PH BRANCH,HENKEL SINGAPORE PTE LTD,SQ910,NNRSG0158276,SG,178.00,ADHESIVE - LOCTITE 3556 (COMPONENT),"39,375.48",2135780.00
19-Feb,M UBIS INC,"UBIS CO., LTD",KE621,DLG022058,KR,25.00,ADHESIVE (AD-1351W),"5,420.00",296324.00
28-Feb,B/E AEROSPACE B.V. - (PHIL BRANCH),KLX AEROSPACE,CI5841,DAL31052683,US,800.00,ADHESIVE L7132K,"26,920.68",1484526.00
15-Feb,DYSON ELECTRONICS PTE LTD PH BRANCH,HENKEL SINGAPORE PTE LTD,SQ910,NNRSG0158436,SG,110.00,ADHESIVE LOCTITE 5910 (COMPONENT),"8,130.28",449537.00
8-Feb,SUNPOWER PHILIPPINES MANUFACTURING,MER ASIA LIMITED,CX919,NNRHKG240658,HK,73.00,ADHESIVE ROLL,"7,464.28",410317.00
15-Feb,SANYO DENKI PHILIPPINES INC.,NABELIN CO LTD,JL745,KKS15178052,JP,197.00,ADHESIVE SCOTH WELD,"45,139.78",2469893.00
3-Feb,FUTABA CORPORATION OF THE PHIL,FUTABA CORPORATION,5J5055,NEC60543755,JP,258.00,ADHESIVE SHEET,"61,414.77",3316577.00
11-Feb,FUTABA CORPORATION OF THE PHIL,FUTABA CORPORATION,5J5055,NEC60705433,JP,147.00,ADHESIVE SHEET,"54,658.83",2959720.00
10-Feb,HARVESTAR TECHNOLOGIES INC,HARVESTAR SOLUTIONS LIMITED,CX919,NNRHKG239821,CN,595.00,ADHESIVE TAPE D-COVER ASSEMBLY ETC,"239,939.62",13009108.00
12-Feb,HARVESTAR TECHNOLOGIES INC,HARVESTAR SOLUTIONS LIMITED,CX919,NNRHKG240827,CN,504.00,ADHESIVE TAPE D-COVER ASSEMBLY ETC,"191,610.62",10390065.00
1-Feb,APM TECHNICA AG,EPOXY TECHNOLOGY,FX5158,31959,US,34.00,ADHESIVES EPOXY RESIN,"25,531.35",1386446.00
14-Feb,MAXTRONIX LAGUNA INC,DYMAX ASIA PACIFIC PTE. LTD,FX5158,91083,US,13.00,ADHESIVES/ GLUES,"6,289.54",346657.00
2-Feb,IM DIGITAL PHIL INC,IM CO. LTD,KE621,PNX114136,KR,119.00,ADHESIVE-TP & ETC.,"27,416.28",1593718.00
9-Feb,IM DIGITAL PHIL INC,IM CO LTD.,KE621,PNX114309,KR,142.00,ADHESIVE-TP & ETC.,"23,014.59",1342203.00
14-Feb,IM DIGITAL PHIL INC,IM CO. LTD,KE621,PNX114401,KR,66.00,ADHESIVE-TP & ETC.,"13,792.48",754394.00
20-Feb,CEBU AIR INC. / CEBU PACIFIC AIR,ZODIAC AEROSPACE,EK 332,80042,FR,12.00,AIRCRAFT PARTS (KIT ADHESIVE PATCHES),"9,357.34",517113.00
6-Feb,EPSON PRECISION(PHILIPPINES) INC.,HITACHI CHEMICAL ASIA PACIFIC,JL741,YJP18904944,JP,14.00,ANISOTROPIC CONDUCTIVE FILM,"6,115.00",336368.00
8-Feb,SIIX LOGISTICS PHILS. INC.,SIIX CORP,JL745,NEC60627464,JP,44.00,ANISOTROPIC CONDUCTIVE FILM-ANISOLM,"22,099.01",1203903.00
22-Feb,DKSH PHILIPPINES INC.,DSM FOOD SPECIALTIES,QR934,7NW5419,FR,180.00,BAKEZYME GO 1500,"5,928.49",323215.00
7-Feb,ELEMATEC ANGELES INC.,ELEMATEC CORPORATION,PR431,HEI42378210,JP,36.00,BOND,"7,795.00",424029.00
3-Feb,IM DIGITAL PHIL INC,DONGGUAN IM DIGITAL ELECTRONIC,CX901,SZXAE1800801,HK,290.00,BOND AND ETC,"118,212.48",6396447.00
28-Feb,FUJI ELECTRIC PHILIPPINES INC.,IWATANI CORPORATION,LD 0457,73510,JP,2.00,BONDING ARM UNIT,"6,497.60",358274.00
14-Feb,N.T. PHILIPPINES INC.,"NTK CERAMIC CO., LTD.",PR437,YJP18909435,JP,512.00,"BONDING PASTE, SHIPPING TRAY, ETC.","208,341.43",11296741.00
21-Feb,BRENNTAG INGREDIENTS INC.,BRENNTAG SDN BHD,SQ910,KUL9026478,MY,1500.00,BRENNTAG (TM) STC: TACKIDEX I 231 25KG/BAG,"7,653.70",415580.00
7-Feb,NIDEC SUBIC PHILIPPINES CORPORATION,KAKEN TECH CO LTD,PR407,64094,JP,19.00,CONDUCTIVE ADHESIVE,"5,911.00",334268.00
8-Feb,NIDEC PHILIPPINES CORPORATION,"KAKEN TECH CO., LTD",PR407,64105,JP,19.00,CONDUCTIVE ADHESIVE,"5,910.91",326137.00
9-Feb,ASTEC POWER PHILIPPINES INC,ASTEC INTERNATIONAL LTD.,5J111,SHKGAE02710,HK,20.00,"CONDUCTIVE GLUE,INSTRUCTION SHEETS,SOLDER PA","13,712.85",749190.00
13-Feb,JAE PHILIPPINES INC.,THREE BOND SINGAPORE PTE LTD,SQ910,NES60147824,JP,40.00,CYANOACRYLATE ADHESIVE THREEBOND 1771E,"11,368.00",622118.00
27-Feb,HAAS GROUP INTERNATIONAL PHILIPPINE,CYTEC ENGINEERING MATERIALS,CA179,S00110651,US,24.00,DAPCO 2100 PRIMERLESS FIREWALL SEALANT,"9,886.50",570620.00
22-Feb,ON SEMICONDUCTOR PHILIPPINES INC.,SUMITOMO BAKELITE SINGAPORE,PR502,DIM023227401,SG,105.00,DIE ATTACH PASTE,"38,305.00",2109639.00
15-Feb,ON SEMICONDUCTOR PHILIPPINES INC.,SUMITOMO BAKELITE SINGAPORE,PR502,DIM023226907,SG,103.00,DIE ATTACH PASTE,"32,085.00",1757408.00
6-Feb,ALLEGRO MICROSYSTEMS PHILIPPINES,SUMITOMO BAKELITE SINGAPORE PTE LTD,PR502,USI03268650,SG,52.00,DIE ATTACH PASTE,"17,914.84",967340.00
7-Feb,ON SEMICONDUCTOR PHILIPPINES INC.,SUMITOMO BAKELITE SINGAPORE,PR502,DIM023226203,SG,90.00,DIE ATTACHED PASTE,"28,905.00",1568812.00
10-Feb,MSPECIALTY PRINTING PHILIPPINES INC,MSP INC,CX0935,NEC60655766,JP,104.00,DIE CUT ROLL,"9,719.51",527558.00
3-Feb,TI (PHILIPPINES) INC.,DOW CORNING TORAY CO LTD,PR431,34585,JP,49.00,DOW CORNING (R) 1-4173 THERMALLY CONDUCTIVE,"5,040.00",289466.00
22-Feb,AMERTRON INCORPORATED,KYOEI DENKI (S) PTE LTD.,SQ-910,SIN10913304,SG,272.00,"DOW CORNING JCR-6170, DOW CORNING JCR-6101 U","22,087.83",1213228.00
26-Feb,WU KONG SINGAPORE PTE. LTD. PHIL.,WEMATEC E.U,QR932,LNZ00003046,AT,205.00,DUPLOCOLL,"7,078.85",394976.00
8-Feb,WYNTRON INC.,DYMAX ASIA PACIFIC PTE LTD,TR378,SINAE1802863,SG,225.00,DYMAX UV ADHESIVE,"11,827.20",647003.00
1-Feb,WILLS INTERNATIONAL SALES CORP.,NOVOZYMES AS,TG 624,41715,DK,600.00,ENZYMES [ LIPEX EVITY 100L / MEDLEY CORE 200,"17,903.80",948091.00
14-Feb,FABCON PHILS. INC.,CATALYSTS BIOTECHNOLOGIES PVT,D7123,59051,IN,1320.00,"ENZYPRO M V6 BATCH CBT-386, 387, ENZYPRO M V","63,914.40",3408181.00
1-Feb,EATON INDUSTRIES PHILIPPINES LLC P,EPOXYSET INC,JL741,NEU24453881,US,703.00,EPOXY ADHESIVE,"59,774.40",3211547.00
21-Feb,EATON INDUSTRIES PHILIPPINES LLC P,EPOXYSET INC,JL741,NEU24456600,US,461.00,EPOXY ADHESIVE,"40,157.60",2197984.00
28-Feb,CHIYODA PHILIPPINES MANUFACTURING,CHIYODA MANUFACTURING CORP,NH0819,NEC61035052,JP,183.00,FILLER MOS10L P,"5,514.43",308610.00
7-Feb,CHIYODA PHILIPPINES MANUFACTURING,CHIYODA MANUFACTURING CORP,NH0819,NEC60325484,JP,183.00,FILLER MOS10L P,"5,433.99",299556.00
23-Feb,B/E AEROSPACE B.V. - (PHIL BRANCH),MANKIEWICZ GEBR AND CO,EK336,FFM84103336,DE,2791.00,FINALIN POLYESTER SCHNELLSPACHTEL 2,"36,386.76",2004308.00
12-Feb,HILTI PHILIPPINES INC.,HILTI AKTIENGESELLSCHAFT,QR932,49678,CH,685.00,FIRESTOP PUTTY PAD,"34,533.80",1872222.00
11-Feb,N.T. PHILIPPINES INC.,TAIFLEX SCIENTIFIC CO. LTD.,CI703,14869,TW,355.00,FLEXBOND COVERLAY,"22,515.40",1226466.00
7-Feb,N.T. PHILIPPINES INC.,TAIFLEX SCIENTIFIC CO. LTD.,CI703,14842,TW,213.00,FLEXBOND COVERLAY,"12,733.15",694371.00
24-Feb,N.T. PHILIPPINES INC.,TAIFLEX SCIENTIFIC CO. LTD.,CI703,14901,TW,192.00,FLEXBOND COVERLAY,"11,939.52",661663.00
1-Feb,HYSONIC PHILIPPINES INC,"RBK EMD CO., LTD",KE621,SEE1802300,KR,76.00,GLUE,"16,637.27",900597.00
28-Feb,HYSONIC PHILIPPINES INC,"RBK EMD CO., LTD",KE621,SEE1802320,KR,61.00,GLUE AD-1341,"11,883.28",654176.00
2-Feb,HYSONIC PHILIPPINES INC,"RBK EMD CO., LTD",CX907,SEE1802301,KR,364.00,GLUE AY-5220 AND GLUE AY-5219,"73,166.28",3961414.00
6-Feb,HYSONIC PHILIPPINES INC,"RBK EMD CO., LTD",CX907,SEE1707311,KR,51.00,GLUE( AY-5406),"12,880.00",693495.00
18-Feb,SIIX LOGISTICS PHILS. INC.,SIIX SINGAPORE PTE LTD,SQ910,YSG03123982,SG,739.00,"GLUE, CAPACITOR, FILM CAPACITOR, VARISTOR, E","112,733.90",6186885.00
18-Feb,MAXTRONIX LAGUNA INC,DYMAX ASIA PACIFIC PTE LTD,FX5158,32482,US,19.00,GLUE/ADHESIVE,"9,766.80",532861.00
19-Feb,HENKEL PHILIPPINES INC.,HENKEL GLOBAL SUPPLY CHAIN B.V,EK336,4480,NL,37.00,HENKEL (TM) STC: CHEMICALS (LOCTITE,"5,719.92",317989.00
19-Feb,HENKEL PHILIPPINES INC.,HENKEL GLOBAL SUPPLY CHAIN B.V,EK336,74491,NL,46.00,HENKEL (TM) STC: CHEMICALS (LOCTITE SE,"7,560.71",418453.00
26-Feb,HENKEL PHILIPPINES INC.,HENKEL GLOBAL SUPPLY CHAIN B.V,EY428,14550,NL,61.00,HENKEL (TM) STC: CHEMICALS (LOCTITE SG,"6,890.41",384166.00
14-Feb,HILTI PHILIPPINES INC.,HILTI AKTIENGESELLSCHAFT,TG084,3376,CH,1823.00,INSULATING FOAM,"20,969.10",1142670.00
27-Feb,KINPO ELECTRONICS (PHILIPPINES) INC,INTAG INDUSTRIAL SUPPLIERS SDN BHD,MH806,KUL1800153,MY,1.00,KLUBER ISOFLEX TOPAS NB5051,"10,349.91",571063.00
15-Feb,INTEGRATED MICRO-ELECTRONICS INC.,HENKEL ELECTRONIC MATERIALS LLC,CX919,ULA01220026,US,37.00,LOCTITE,"16,415.94",903307.00
28-Feb,TEMIC AUTOMOTIVE (PHILS.) INC.,HENKEL ELECTRONIC  MATERIALS LLC,CX907,NEU61109521,US,166.00,LOCTITE,"15,674.25",866986.00
28-Feb,INTEGRATED MICRO-ELECTRONICS INC.,HENKEL LOCTITE,OZ701,UYN00008632,CN,163.00,LOCTITE,"15,204.70",864582.00
16-Feb,TONG HSING ELECTRONICS PHILS. INC.,HENKEL ELECTRONICS SEMICONDUCTOR MA,BR271,A32515,US,29.00,LOCTITE,"11,488.59",633820.00
22-Feb,ALLEGRO MICROSYSTEMS PHILIPPINES,HENKEL ELECTRONIC MATERIAL LLC,CX907,ULA01216740,US,273.00,LOCTITE ABLESTIK,"48,210.15",2621271.00
13-Feb,AMPLEON PHILIPPINES INC,HENKEL ELECTRONIC MATERIALS,PR103,LAX540244,US,22.00,LOCTITE ABLESTIK,"7,840.00",430679.00
21-Feb,AMERTRON INCORPORATED,MATERIAL TECHNOLOGY PTE LTD.,SQ-910,SIN10913302,SG,60.00,LOCTITE ABLESTIK 5025E-.004,"33,723.04",1848994.00
5-Feb,AMERTRON INCORPORATED,HENKEL ELECTRONIC MATERIAL LLC,PR103,AOLA01056276,US,35.00,LOCTITE ABLESTIK 526W01 KNOWN AS: TRABOND 52,"9,395.12",514283.00
5-Feb,VISHAY (PHILS.) INC.,ABLESTIK (SHAGHAI) LTD.,CX913,DIM042103175,CN,300.00,LOCTITE ABLESTIK 84-1LMISR4 KNOWN AS: ABLEBO,"20,795.50",1131779.00
26-Feb,VISHAY (PHILS.) INC.,ABLESTIK (SHAGHAI) LTD.,CX905,DIM042103628,CN,200.00,LOCTITE ABLESTIK 84-1LMISR4 KNOWN AS: ABLEBO,"13,719.34",760288.00
14-Feb,VISHAY (PHILS.) INC.,ABLESTIK (SHAGHAI) LTD.,CX919,DIM042103496,CN,175.00,LOCTITE ABLESTIK 84-1LMISR4 KNOWN AS: ABLEBO,"11,438.21",626661.00
6-Feb,VISHAY (PHILS.) INC.,ABLESTIK (SHAGHAI) LTD.,CX913,DIM042103229,CN,250.00,LOCTITE ABLESTIK 84-3 KNOWN AS ABLEBOND 84-3,"8,997.33",492755.00
12-Feb,ANALOG DEVICES PHILIPPINES INC,HENKEL ELECTRONIC MATERIALS,CX907,ULA01219632,US,43.00,LOCTITE ABLESTIK QM12569 (ADHESIVE FOR PRODU,"33,078.15",1798883.00
7-Feb,ANALOG DEVICES PHILIPPINES INC,ABLESTIK SHANGHAI LTD,CX905,UUS00327224,CN,32.00,LOCTITE ABLESTIK QM1536 -1A1-5 (EPOXY RESIN,"13,028.72",710348.00
6-Feb,ALLEGRO MICROSYSTEMS PHILIPPINES,HENKEL TECHNOLOGIES KOREA LIMITED,PR469,USE01554431,KR,363.00,LOCTITE ABLESTIK QMI509 ETC DRYICE,"70,504.42",3790658.00
15-Feb,HYS-YACHT PHILS. LTD.CO.INC.,TEAKDECKING SYSTEMS INC.,QR932,S00305744,US,323.00,"MARINE SEALANT, FITTING GLUE","6,292.55",349241.00
13-Feb,AMERTRON INC.,"SOL EPOXY INC.,",CX903,AONY04029173,US,590.00,OP7000CL (ADHESIVE),"31,781.65",1723563.00
1-Feb,SMK ELECTRONICS PHILS CORP,LG CHEM LTD,KE621,GPL9341330,KR,284.00,OPTICAL CLEAR ADHESIVE,"11,290.51",616387.00
15-Feb,SMK ELECTRONICS PHILS CORP,LG CHEM LTD,KE621,GPL9341395,KR,269.00,OPTICALLY CLEAR ADHESIVE,"10,327.25",569692.00
2-Feb,N.T. PHILIPPINES INC.,"MULTEK, INC.",NH819,MSP35000239,US,386.00,PAPER RELEASE,"13,231.15",715032.00
13-Feb,GBPLEN CORPORATION,"KOLEN CO., LTD,",OZ703,DECX984543,KR,19.00,PLASTIC BONDING LCM,"7,436.04",408788.00
7-Feb,GBPLEN CORPORATION,"KOLEN CO., LTD,",OZ703,DECX984521,KR,17.00,PLASTIC BONDING LCM,"7,199.13",394972.00
1-Feb,FUTABA CORPORATION OF THE PHIL,FUTABA CORPORATION,NH819,NEC60396593,JP,124.00,POLARIZER,"46,121.69",2474966.00
23-Feb,FUTABA CORPORATION OF THE PHIL,FUTABA CORPORATION,NH0819,NEC60989633,JP,105.00,POLARIZER,"42,588.34",2340495.00
25-Feb,FUTABA CORPORATION OF THE PHIL,FUTABA CORPORATION,NH0819,NEC61026814,JP,78.00,POLARIZER,"41,701.04",2291630.00
27-Feb,FUTABA CORPORATION OF THE PHIL,FUTABA CORPORATION,NH0819,NEC61046462,JP,106.00,POLARIZER,"38,132.32",2096090.00
14-Feb,FUTABA CORPORATION OF THE PHIL,FUTABA CORPORATION,NH0819,NEC60778023,JP,72.00,POLARIZER,"30,190.42",1638332.00
6-Feb,FUTABA CORPORATION OF THE PHIL,FUTABA CORPORATION,NH819,NEC60621072,JP,84.00,POLARIZER,"29,420.83",1592833.00
24-Feb,FUTABA CORPORATION OF THE PHIL,FUTABA CORPORATION,5J5055,NEC60989622,JP,112.00,POLARIZER,"25,716.98",1411137.00
22-Feb,FUTABA CORPORATION OF THE PHIL,FUTABA CORPORATION,NH0819,NEC60904793,JP,80.00,POLARIZER,"25,090.24",1380248.00
17-Feb,FUTABA CORPORATION OF THE PHIL,FUTABA CORPORATION,NH0819,NEC60853063,JP,114.00,POLARIZER,"17,031.91",932274.00
3-Feb,FUTABA CORPORATION OF THE PHIL,FUTABA CORPORATION,NH819,NEC60543744,JP,55.00,POLARIZER,"15,582.51",848648.00
18-Feb,FUTABA CORPORATION OF THE PHIL,FUTABA CORPORATION,CX905,NEC60839122,JP,197.00,POLARIZER FILM,"52,547.73",2865198.00
8-Feb,FUTABA CORPORATION OF THE PHIL,FUTABA CORPORATION,NH819,NEC60646596,JP,24.00,POLARIZER FILM,"9,184.52",503541.00
15-Feb,MAXTRONIX INC.,DYMAX ASIA PACIFIC PTE. LTD,FX5158,91061,SG,33.00,PRODUCTS SUITABLE FOR USE AS GLUESADHESIVES,"5,958.01",328688.00
14-Feb,SONION PHILIPPINES INC.,SYNTHRON,LD 0457,28863,FR,1.00,PVIC CM 326 B 4 POTS DE 150 GRS,"5,910.52",323270.00
23-Feb,N.T. PHILIPPINES INC.,MULTEK FLEXIBLE CIRCUITS INC,DL7414,MSP0021510,US,37.00,RELEASE FILM AIRTECH,"5,502.48",304114.00
5-Feb,N.T. PHILIPPINES INC.,MULTEK FLEXIBLE CIRCUITS INC,DL7414,MSP0021499,US,118.00,RELEASE FILM AIRTECH,"5,501.60",308002.00
6-Feb,SANYO DENKI PHILIPPINES INC.,THREE BOND SINGAPORE PTE LTD,FX5158,69437,JP,88.00,SEALANT,"6,362.51",349747.00
7-Feb,SANYO DENKI PHILIPPINES INC.,THREE BOND SINGAPORE PTE LTD,PR508,59865,SG,56.00,SEALANT,"5,040.00",285545.00
26-Feb,UNIVATION MOTOR PHILIPPINES INC,NISSAN TRADING (TRADING) CO LTD,5J930,MIT20180026,TH,1420.00,SEALANT HAMATITE,"15,505.46",857718.00
16-Feb,HOUSE TECHNOLOGY INDUSTRIES PTE.LTD,NIHON SANGYO CO LTD,JL745,KSA00403176,JP,1308.00,SEKISUI SILICON SEALANT 83 MILKY CLEAR 333ML,"6,696.51",371722.00
17-Feb,HOUSE TECHNOLOGY INDUSTRIES PTE.LTD,NIHON SANGYO CO LTD,LD 0457,2431,JP,802.00,SEKISUI SILICON SEALANT 83 PG 333ML,"8,187.32",452651.00
5-Feb,APM TECHNICA AG,MOMENTIVE PERFORMANCE MATERIAL,NH869,NYC30112570,JP,745.00,SILICON ADHESIVE,"18,493.58",1006008.00
21-Feb,APM TECHNICA AG,MOMENTIVE PERFORMANCE MATERIAL,CI0703,187100703A,US,436.00,SILICON ADHESIVE,"9,220.31",509028.00
22-Feb,AMERTRON INCORPORATED,SUMITOMO METAL MINING CO LTD.,PR431,TCS18220137,JP,161.00,SILVER/EPOXY PASTE T-3030,"23,643.22",1298217.00
27-Feb,BRENNTAG INGREDIENTS INC.,SOLAE LLC,KE621,7MJ2134,US,690.00,SOLAE (TM) STC: SUPRO 120N LN  ISOLATED,"10,609.80",566479.00
22-Feb,TI (PHILIPPINES) INC.,M K ELECTRON CO LTD,5J187,942352,KR,365.00,SOLDER BALL,"19,540.00",1123396.00
6-Feb,TI (PHILIPPINES) INC.,M K ELECTRON CO LTD,5J187,929855,KR,361.00,SOLDER BALL,"18,920.00",1071137.00
15-Feb,TI (PHILIPPINES) INC.,M K ELECTRON CO LTD,5J187,938631,KR,322.00,SOLDER BALL,"16,360.00",935922.00
6-Feb,ALLEGRO MICROSYSTEMS PHILIPPINES,INDIUM CORPORATION OF AMERICA,PR502,USI03268661,SG,89.00,SOLDER PASTE,"12,501.10",676698.00
11-Feb,TANN PHILIPPINES INC.,TANNPAPIER GMBH,TK0084,LNZ00002962,AT,193.00,SWEETENER,"66,257.42",3460309.00
26-Feb,N.T. PHILIPPINES INC.,MULTEK FLEXIBLE CIRCUITS INC,DL7414,MSP0021513,US,121.00,TAPE 3M 9082 RELEASE LINER,"7,133.36",394039.00
19-Feb,N.T. PHILIPPINES INC.,MULTEK FLEXIBLE CIRCUITS INC,DL7414,MSP0021509,US,71.00,TAPE 3M 9082 RELEASE LINER,"6,121.48",335342.00
1-Feb,N.T. PHILIPPINES INC.,MULTEK FLEXIBLE CIRCUITS INC,DL743,MSP0021495,US,65.00,TAPE 3M 9082 RELEASE LINER,"6,120.22",332230.00
25-Feb,N.T. PHILIPPINES INC.,MULTEK FLEXIBLE CIRCUITS INC,DL7414,MSP0021511,US,54.00,TAPE 3M 9082 RELEASE LINER,"5,687.82",316133.00
14-Feb,AMERICAN POWER CONVERSION CORPORATI,GSI ELECTRONIC PTE LTD,CX907,CNXMN148108,SG,124.00,TAPE AND REEL,"21,613.59",1178990.00
14-Feb,INLAND WAREHOUSING & LOGISTICS DIV.,THREE BOND SINGAPORE PTE LTD,SQ916,PUM104839,SG,188.00,TB 3089H TB 3089G,"15,456.15",843913.00
8-Feb,INLAND WAREHOUSING & LOGISTICS DIV.,THREE BOND MANUFACTURING (THAILAND),TG620,YTH02640481,TH,906.00,"TB 3140C, TB 2217P, TB 1782 , TB 1785B","46,311.19",2516009.00
15-Feb,TOSHIBA INFORMATION EQUIPMENT (PHIL,THREE BOND SINGAPORE PTE LTD,SQ910,YSG03071585,SG,29.00,THREEBOND 1354 B,"13,930.00",760958.00
15-Feb,TOSHIBA INFORMATION EQUIPMENT (PHIL,THREE BOND SINGAPORE PTE LTD,SQ910,YSG03051252,SG,15.00,THREEBOND 1354 B,"7,139.40",392712.00
23-Feb,CHOOSEYOURSHOES PHILIPPINES(CYS-PH),RENIA-GESELLSCHAFT MBH,KL807,CGN83201321,DE,542.00,TOPFIT - CONTACT ADHESIVE,"5,716.10",319685.00
7-Feb,TI (PHILIPPINES) INC.,LINTEC CORPORATION,PR431,55386,JP,469.00,UV CURABLE BACKGRINDING TAPES (BACKGRIND TAP,"42,172.00",2377055.00
7-Feb,TI (PHILIPPINES) INC.,LINTEC CORPORATION,PR431,55375,JP,179.00,UV SENSITIVE DICING TAPE,"102,508.73",5566782.00
7-Feb,TI (PHILIPPINES) INC.,LINTEC CORPORATION,PR431,55412,JP,100.00,UV SENSITIVE DICING TAPE,"26,087.00",1467594.00
3-Feb,TI (PHILIPPINES) INC.,LINTEC CORPORATION,PR431,13190,JP,230.00,UV SENSITIVE DICING TAPE,"21,240.00",1195616.00
10-Feb,TI (PHILIPPINES) INC.,LINTEC CORPORATION,PR431,55740,JP,230.00,UV SENSITIVE DICING TAPE,"21,240.00",1204705.00
15-Feb,TI (PHILIPPINES) INC.,LINTEC CORPORATION,PR431,68421,JP,308.00,UV SENSITIVE DICING TAPE,"17,642.24",996074.00
3-Feb,DECA TECHNOLOGIES INC.(PHIL BRANCH),LINTEC CORP,PR431,NNR41482232,JP,112.00,UV SENSITIVE DICING TAPE,"8,953.00",489780.00
21-Feb,TI (PHILIPPINES) INC.,LINTEC CORPORATION,PR431,69040,JP,75.00,UV SENSITIVE DICING TAPE,"8,640.00",496195.00
28-Feb,TI (PHILIPPINES) INC.,LINTEC CORPORATION,PR431,80236,JP,34.00,UV SENSITIVE DICING TAPE,"6,426.61",364819.00
15-Feb,TI (PHILIPPINES) INC.,LINTEC CORPORATION,PR431,68432,JP,365.00,UV SENSITIVE DICING TAPE (MOUNT/SAW MANUFACT,"22,720.00",1297311.00
24-Feb,TI (PHILIPPINES) INC.,"FURUKAWA ELECTRIC CO., LTD",PE431,17251,JP,1288.00,UV TAPES,"84,390.00",4830807.00
16-Feb,TI (PHILIPPINES) INC.,FURUKAWA ELECTRIC CO LTD.,PR431,17155,JP,283.00,UV TAPES,"21,593.80",1217549.00
6-Feb,TI (PHILIPPINES) INC.,"FURUKAWA ELECTRIC CO., LTD",PR431,16783,JP,135.00,UV TAPES,"10,000.00",568866.00
15-Feb,PROMAX INTERNATIONAL,AB ENZYMES GMBH,3K761,4424,SG,100.00,VERON HYPERBAKE ST,"10,040.17",539808.00
13-Feb,UNIVERSAL ROBINA CORPORATION,KERRY EMEA,EY424,1257,NL,1320.00,VERSA-WHIP 800,"39,775.57",2079813.00
28-Feb,NESTLE PHILIPPINES INC.,EPI INGREDIENTS,SONGA HAYDN 804A,55295,FR,25000.00,1X40 CNTR. EDIBLE POTASSIUM CASEINATE,"182,340.75",9837580.00
13-Feb,MAGNOLIA INC.,FONTERRA LIMITED,LARS MAERSK V805N,18446,NZ,15850.00,634 MULTI-PLY BAGS RENNET CASEIN,"86,566.74",4478724.00
13-Feb,MAGNOLIA INC.,FONTERRA LIMITED,LARS MAERSK V805N,2320,NZ,17500.00,MULTI-PLY BAGS RENNET CASEIN,"109,824.83",5679239.00
13-Feb,MAGNOLIA INC.,FONTERRA LIMITED,LARS MAERSK V805N,4050,NZ,17500.00,MULTI-PLY BAGS RENNET CASEIN,"106,752.99",5520688.00
13-Feb,MAGNOLIA INC.,FONTERRA LIMITED,LARS MAERSK V805N,8447,NZ,16000.00,MULTI-PLY BAGS RENNET CASEIN,"95,747.63",4952596.00
13-Feb,MAGNOLIA INC.,FONTERRA LIMITED,LARS MAERSK V805N,8449,NZ,15925.00,MULTI-PLY BAGS RENNET CASEIN,"86,336.20",4466828.00
6-Feb,NIPPON PAINT PHILIPPINES INC,NIPPON PAINT THAILAND CO LTD,KYAUX PHYU STAR 1805N,SITDLCBT114463,TH,3109.00,PUTTY,"8,554.54",467989.00
19-Feb,NIPPON PAINT COATINGS PHILIPPINES,SUZUKACOAT (M) SDN BHD,E.R. MONTPELLIER V.1803,MCB115852,MY,19800.00,TILELAC  EMA BASE,"8,850.60",467056.00
7-Feb,TFE SALES MARKETING CORPORATION,MOMENTIVE PERFORMANCE MATERIALS,LOBIVIA 060S,NYKSLCBU00992700,TH,14400.00,72 DRUMS PREPARED ADHESIVE SEALANTS FOR TOP4,"9,835.36",554899.00
22-Feb,MEHITABEL INC.,AKZO NOBEL ADHESIVES PTE.LTD.,LOBIVIA,SIN72CEB800067,SG,1875.00,"ADHESIVES (PVAC3390, EPI1984, HARDENER1993 2","7,592.25",423237.00
27-Feb,TSUNEISHI ACCOMMODATION CEBU INC.,"TSUNEISHI TRADING CO.,LTD",PACIFIC JOY V11,FB4,JP,38086.00,DECK COVERING MATERIALS,"115,377.44",6347167.00
22-Feb,MANDAUE FOAM INDUSTRIES INC,DANSOON CHEMICALS SDN BHD,LOBIVIA 061,PKG800082900,MY,17600.00,DONSON 688 SOLVENTBASED ADHESIVE,"35,377.60",1848019.00
15-Feb,FIRST CEBU ARTCRAFT CORP,MARUYOSHI CORPORATION,CHATTANOOGA,TCLN18000300,JP,940.00,GELATIN GOFUN SHELL POWDER,"10,476.35",557559.00
15-Feb,ANGEL & LUIS STAR TRADE INC.,"YIWU MEIHU IMPORT & EXPORT CO., LTD",EM HYDRA,MCPU575646302,CN,12068.00,GLUE,"14,358.46",743874.00
2-Feb,BERBENWOOD INDUSTRIES INC.,AKZO NOBEL COATING VIETNAM LIMITED,KOTA JUTA V 0321,SECEB1801006401,SG,3085.00,HARDENER AND MODIFIER,"12,206.30",660566.00
27-Feb,MATERIALS SOLUTIONS  INC.,PT. AICA INDRIA,UNI ARISE,JKCEB0054775,ID,16400.00,"INWOOD P900,MATSOL HP1024 (ADHESIVE POLYMER)","31,083.02",1634417.00
12-Feb,YAMASHIN CEBU FILTER MFG. CORP.,"YUNTEH INDUSTRIAL CO., LTD",WANHAI,NNR180200168,TW,12000.00,"JOINTMIDE, JOINTMINE","47,538.00",2586328.00
15-Feb,SUN-ACE TRADE AND COMMODITIES INC.,PAN KOREA CORPORATION,WAN HAI 161  V.S304,0058X01838,KR,90000.00,MODIFIED STARCH,"26,623.20",1434748.00
9-Feb,INGREDION PHILIPPINES INC.,NATIONAL STARCH AND CHEMICAL THAILA,LOVIBIA 006,LCHCB17030965,TH,36000.00,MODIFIED TAPIOCA STARCH PURITY 771+V 25KGS.,"25,891.68",1349098.00
1-Feb,OUROKU CORPORATION,GAIN CORPORATION,CHATTANOOGA V230S,YLKS7087308,JP,39584.00,"NEOSTANN U-28,AQUAPROOF, OB-2,PARATTO & ETC.","180,420.61",9686556.00
2-Feb,MATERIALS SOLUTIONS  INC.,PARAMELT SPECIALTY MATERIALS (SUZHO,SITC FUJIAN,SITGSHCBT05005,CN,10000.00,PLASTOMELT 505(ADHESIVE BASED ON POLYMERS),"21,842.88",1133769.00
15-Feb,TREASURE ISLAND INDUSTRIAL CORP.,RICH SOURCE LIMITED,WAN HAI 161 V.304,0038A08400,TW,17280.00,POLYURETHANE ADHESIVE 80/90,"35,437.82",1929384.00
2-Feb,TFE SALES MARKETING CORPORATION,MOMENTIVE PERFORMANCE MATERIALS,CHATTANOOGA 230S,GTD0388062,TH,14400.00,PREPARED ADHESIVE SEALANTS FOR TOP490N (MOME,"9,835.36",554899.00
12-Feb,TMX PHILIPPINES INC.,MOMENTIVE PERFORMANCE MATERIALS HON,SITC HAIPHONG V1806S,CRCCEBF1800049,US,420.00,"RTV630 SILICONE POLYSILOXANE COMPOUND,RTV 63","12,610.00",689485.00
2-Feb,TFE SALES MARKETING CORPORATION,WACKER CHEMICALS KOREA INC.,CHATTANOOGA 230S,OOLU2598463620,KR,13600.00,SEALANTS LC TRANS 200KG/DRUM  (WACKER CHEMIC,"9,469.28",534164.00
2-Feb,CONCRETE SOLUTION BUILDERS AND,CONREN LIMITED,KOTA JOTA V.321,COSU4007162690,GB,15398.00,STC LAPIDOLITH CONCRETE HARDENER DUSTPROOFER,"20,400.35",1102442.00
5-Feb,CEBU MITSUMI INC.,OHMIYA CORPORATION,WAN HAI,TYOABV66183,JP,932.00,STC. TOHOCLEAN,"5,770.80",317897.00
7-Feb,CEBU MITSUMI INC.,"MITSUMI ELECTRIC CO.,LTD.",5X0138,781WX9F,JP,45.00,PALLABRIGHT 2000 PLATING FORMULATION,"54,048.70",2927994.00
13-Feb,ASYA GLASS PHILIPPINES INC.,GUANGDONG OLIVIA CHEMICAL INDUSTRY,MCC SEOUL V1805,MCB142316,CN,16644.00,1956CTN SILICONE SEALANT(BIG GLASS SILICONE),"63,380.84",3280208.00
20-Feb,DAVAO CITIHARDWARE INC,"NAN PAO RESINS CHEMICAL CO.,LTD",ARIANA V.025,1801F07701S,TW,7950.00,"605 BOXES OF GLUE MASTER CONTACT CEMENT,LIQ","17,292.75",951483.00
27-Feb,GHINRAQS ENTERPRISES,XIAMEN XINYUTAI IMPORT AND EXPORT C,WAN HAI 163 S276,504798,CN,11090.00,ADHESIVE GLUE 18.4ML TUBES,"16,400.00",865603.00
22-Feb,NAKAYAMA TECHNOLOGY CORPORATION,"NAKAYAMA CO., LTD.",SSL GANGA V- 0834-008S,EGLV020700513579,JP,1125.00,"ADHESIVES (ARON ALFA 223 FLAT, CVC360H 20KG/","5,403.99",300841.00
14-Feb,MINDANAO CORRUGATED FIBREBOARD INC,JASOL ASIA PACIFIC LIMITED,MCC SEOUL V.1805,MCB119937,TH,22340.00,MODIFIED LIQUID STARCH,"46,491.45",2409162.00
1-Feb,ANG PANDAY CONSTRUCTION SUPPLIES,JIANGSU ZHAOJIA MATERIALS TECHNOLOG,SITC MAKASSAR V. 1802S,SITGTADT567689,CN,12000.00,REDISPERSIBLE POLYMER POWDER (RDP 6017),"21,960.00",1129608.00
2-Feb,NUTRI-ASIA INC.,TATE AND LYLE NETHERLANDS B.V.,ARIANA 024E,OOLU4026916170,NL,19750.00,RESISTAMYL MODIFIED WAXYMAIZE STARCH,"36,120.52",1929775.00
2-Feb,NUTRI-ASIA INC.,TATE AND LYLE NETHERLANDS B.V.,ARIANA 024E,OOLU4026916190,NL,19750.00,RESISTAMYL MODIFIED WAXYMAIZE STARCH,"35,106.00",1875912.00
20-Feb,NUTRI-ASIA INC.,TATE & LYLE NETHERLANDS B.V.,ARIANA 25,OOLU4026920390,NL,19750.00,RESISTAMYL MODIFIED WAXYMAIZE STARCH,"17,881.78",967709.00
27-Feb,MINTRADE CORPORATION,"GLOBECHEM RESOURCES CO., LIMITED",RHL AQUA 0835 021S,EGLV097860000560,MY,148200.00,STC  UREA GLUE( NON HAZARDOUS IN FLEXI BAG),"40,014.00",2107619.00
12-Feb,MATERIALS SOLUTIONS  INC.,PT.AICA INDRIA,NAVIOS TEMPO 010,JKDVO0054577,ID,16000.00,"STC INPACK 248 CC, MATSOL HP 1024","26,561.10",1376278.00
13-Feb,MATERIALS SOLUTIONS  INC.,PT.AICA INDRIA,BALEARES 063,JKDVO0054653,ID,15980.00,"STC INPACK 248 CC, MATSOL HP 1024","18,226.48",949624.00
2-Feb,MINTRADE CORPORATION,"GLOBECHEM RESOURCES CO., LIMITED",SSL GANGA 0832 007S,EGLV097760015093,MY,157310.00,STC PHENOL/ UREA GLUE IN FLEXIBAG 2/5,"50,112.00",2608998.00
15-Feb,MINTRADE CORPORATION,"GLOBECHEM RESOURCES CO., LIMITED",SSL GANGA 0834 008S,EGLV097860000179,MY,164480.00,STC PHENOL/UREA GLUE FOR INDUSTRIAL USE,"52,382.05",2733670.00
9-Feb,DOLE PHILIPPINES INC,"CHUEN HUAH CHEMICAL CO., LTD/",WANHAI 225 VS035,0038A08022,TW,19044.00,WATERPROOFING AGENT WP795,"25,200.00",1374694.00
8-Feb,HIZON LABORATORIES INC,"GELTECH CO., LTD",FPMC CONTAINER 8,SYECBFK180109,KR,1000.00,1 PLT. GELATIN 200 BLOOM,"7,500.00",392642.00
19-Feb,WALL VISION CORPORATION,MOMENTIVE PERFORMANCE MATERIAL,OOCL NEW ZEALAND 052N,OOLU2598866450,TH,7809.00,1 X 20 CONT STC 17 PALLETS SILICONE SEALANTS,"45,288.00",2350993.00
21-Feb,TURRIS PHIL. INC.,SOLBAR NINGBO PROTEIN,SEASPAN NINGBO,COAU7042122040,CN,25000.00,1250 BAGS SOLPRO 920 ISOLATED SOY PROTEIN,"54,500.00",2847118.00
12-Feb,EASY BIO PHILIPPINES INC.,EASY BIO INC,FPMC CONTAINER 8 VOY. 1802S,NEXL1801MNS010,KR,14000.00,ENDONASE PLUS AND PHYTAMAX...,"34,766.87",1860390.00
2-Feb,SCUDERIA ENTERPRISES,DOW CORNING KOREA LTD,FPMC CONTAINER 8,PUS01MNL18TIF056,KR,16520.00,17 PKGS. SILICONE SEALANT,"16,416.00",890913.00
20-Feb,RED SPRUCE TRADING,FLOWCRETE ASIA SDN BHD,JEJU ISLAND V 0050N,EIH1810492ZM,MY,13895.00,18 CASES INDUSTRIAL FLOORING PRODUCTS;FLOWFR,"28,398.26",1487028.00
7-Feb,SIKA PHILIPPINES INC.,"SIKA (CHINA) LTD.,",ISAO V.1801S,SITGSHMSK06951,CN,15533.00,"1X20 SIKAFLEX CONSTRUCTION GREY""""""X20 ""SIKAFLEX CONSTRUCTION """"20 ""SIKAFLEX CONSTRUCT""""0 ""SIKAFLEX CONSTR"""" ""SIKAFLEX CONS""""""SIKAFLEX CON""""SIKAFLEX CON""","45,227.25",2339419.00
22-Feb,TYK CONVERTECH INC.,SUMEI CHEMICAL CO LTD,MARIVIA V.1S,GOSUTPE8128538,TW,14160.00,1X20 CNTR STC 118 DRUMS WATER BASED ADHESIVE,"21,523.20",1186920.00
20-Feb,CONCORD SCIENTIFIC & CHEMICAL CORP,TAPIOCA DEVELOPMENT CORP. LTD.,ITAL MASSIMA 0813-109E,EGLV050800114945,TH,20000.00,1X20 STC: 800 BAGS MODIFIED TAPIOCA STARCH T,"17,888.80",940903.00
28-Feb,FEDCHEM MANUFACTURING & DISTRIBUTIO,APPLIED DB PUBLIC COMPANY LTD,SITC LIAONING V. 1801N,SITGBKMS115745,TH,14751.00,1x20' stc: DB-805 GRAFT ADHESIVE 3960TINS,"11,863.08",658235.00
5-Feb,DEL MONTE PHILS INC. / PHILPACK,TATE & LYLE INGREDIENTS AMERIC,EVER LOVELY 0916 015W,EGLV456742375146,US,19278.00,1X40 STC 17 PALLETS 50# THIN N THIK 99 STARC,"28,031.89",1502799.00
9-Feb,FIBERWORLD INC.,RUGAO JAOUR ADHESIVE PRODUCT,AS LAURETTA V.1804S,SITGSHMSK08150,CN,25000.00,1x40' stc: 1000 ctsn of HOT MELT ADHESIVE JM,"51,756.10",2687809.00
15-Feb,TURRIS PHIL. INC.,"KINRY FOOD INGREDIENTS CO., LTD.",HAI LIAN,SITGSHMSK09014,CN,8000.00,1x40' stc: 800 ctns of TRANSGLUT,"76,000.00",3936774.00
2-Feb,TURRIS PHIL. INC.,TATE AND LYLE INGREDIENTS,EVER LIVING,EGLV456742239951,US,4536.00,200 BAGS MIRA THIK 468 STARCH,"12,800.59",678875.00
2-Feb,TURRIS PHIL. INC.,TATE AND LYLE INGREDIENTS,EVER LIVING,EGLV456742239951,US,4536.00,200 BAGS SOFT SET STARCH,"12,882.23",683187.00
19-Feb,CORE-ASIA PAPER PRODUCTS CENTER,QINGDAO QIANHUA IMPORT AND,COSCO FUKUYAMA V 065S,TAOCB18000677,CN,42000.00,2X20 STC 1682 PIECES ADHESIVE POWDER,"16,478.71",905098.00
27-Feb,AP MAGNA CHEM DISTRIBUTION CORP.,THANH VU JOINT STOCK COMPANY,ST BLUE 022E,OOLU2600365800,VN,54000.00,3 X 20 CONT STC 2160 BAGS MODIFIED TAPIOCA S,"34,186.80",1809869.00
12-Feb,DEL MONTE PHILS INC. / PHILPACK,GENERAL STARCH LIMITED,ITAL MELODIA 0812 113E,EGLV050701165207,TH,76000.00,4X20 STC 3040 PAPER BAGS MODIFIED TAPIOCA ST,"59,584.96",3100473.00
15-Feb,DEL MONTE PHILS INC. / PHILPACK,CARGILL BIO CHEMICAL CO LTD,MARIA SCHULTE,XDFF301857,CN,79775.00,4X20 STC 3191 BAGS C TEX 06201 ACETYLATED DI,"72,052.31",3770511.00
7-Feb,ALUACE CORPORATION,"SHANGHAI JOYFLY IMP & EXP.  CO., LT",ISAO 1801S,SITGSHMST12230,CN,7200.00,"791-WEATHER SEALANT (BLACK & GREY), 668-2-PA","55,943.93",2883879.00
14-Feb,ALUACE CORPORATION,"SHANGHAI JOYFLY IMP & EXP. CO., LTD",AS LAURETTA 1804S,SITGSHMST12309,CN,7200.00,"791-WEATHER SEALANT (BLACK)(GREY), 668-2 PAR","54,949.74",2842424.00
8-Feb,ALUACE CORPORATION,"SHANGHAI JOYFLY IMP & EXP. CO., LTD",SITC SHIMIZU 1802S,SITGSHMST12258,CN,8400.00,"791-WEATHER SEALANT (BLACK), (GREY), 668-2-P","61,081.76",3152468.00
21-Feb,TURRIS PHIL. INC.,TATE AND LYLE INGREDIENTS,EVER LISSOME,EGLV450742409882,US,19278.00,850 BAGS X-PAND'R STARCH,"19,759.95",1071991.00
23-Feb,TURRIS PHIL. INC.,TATE AND LYLE INGREDIENTS,EVER SIGMA,EGLV430742451396,US,19278.00,850 BAGS X-PAND'R STARCH,"19,759.86",1078447.00
23-Feb,REPUBLIC CHEMICAL INDUSTRIES INC.,MOHM CHEMICAL SDN BHD,DAHLIA V. 1805,PTPMNLS18021474,MY,14760.00,ACETIC SEALANT RED & BLACK,"62,101.60",3258709.00
2-Feb,GILVAN PACKAGING CORPORATION,NANTONG COMENS NEW MATERIALS,HYUNDAI FORWARD,SHAA994692,CN,16000.00,ADHESIVE,"18,504.16",1011200.00
15-Feb,GILVAN PACKAGING CORPORATION,ROHM AND HAAS SINGAPORE PTE,MS EAGLE,SIN0233393,SG,14450.00,ADHESIVE,"17,582.20",970457.00
9-Feb,HENKEL PHILIPPINES INC.,HENKEL ADHESIVES COMPANY LTD,YOSSA BHUM V. 222S,UTCSE1801179,CN,8040.00,"ADHESIVE (AQUENCE LG 32CN-21 20KG,","17,387.02",956206.00
28-Feb,FASTWORTH MARKETING,"SUNG DO CHEMICAL CO., LTD",SIRI BHUM 1801S,CWFBGL180221,KR,16614.00,ADHESIVE (F-5000 / A-1000),"12,708.50",707665.00
7-Feb,FASTWORTH MARKETING,"SUNG DO CHEMICAL CO., LTD",HEUNG-A HAIPONG 0081S,CWFBGL180131,KR,15000.00,ADHESIVE (F-5000),"11,317.23",621237.00
12-Feb,GILVAN PACKAGING CORPORATION,NANTONG COMENS NEW MATERIALS,HYUNDAI FORWARD,SHA02113492,CN,16000.00,ADHESIVE (Silicon Sealant),"20,113.00",1100896.00
7-Feb,ADT ADTECH PROTECTIVE FILM PHILS,ADTECH TRADING CO LTD,HYUNDAI FORWARD V 0078S,SMGL2857,KR,2000.00,ADHESIVE OF GRADE HC-350,"5,677.20",308568.00
8-Feb,NAN PAO RESINS CHEMICAL PHILIPPINES,EASTLION ENTERPRISES LTD,ASIA IPSA S053,0228A09826,CN,19680.00,ADHESIVE P049,"39,019.77",2023384.00
6-Feb,GILVAN PACKAGING CORPORATION,ROHM AND HAAS SINGAPORE (PTE),LOBIVIA,SIN702905400,SG,15000.00,ADHESIVE( silicone sealant),"19,503.00",1065140.00
22-Feb,GILVAN PACKAGING CORPORATION,ROHM AND HAAS SINGAPORE PTE,LOBIVIA,SIN02345100,SG,14400.00,ADHESIVE: silicone sealant,"17,522.40",973031.00
8-Feb,REPUBLIC CHEMICAL INDUSTRIES INC.,TONG SHEN INTERNATIONAL CO LTD,ASIA IPSA V. S053,CANMNL1801019,CN,2400.00,ADHESIVEETHYL CYANOACRYLATE ADHESIVE,"22,626.80",1171736.00
19-Feb,HENKEL PHILIPPINES INC.,HENKEL ADHESIVES TECHNOLOGIES,IONIAN EXPRESS 806S,UTCSE1801118,CN,5777.00,"ADHESIVES (TECHNOMELT COOL 1501 25KG,","10,315.02",538389.00
12-Feb,JOEDIVIA TRADING,WANHUA CHEMICAL (NINGBO) TRADING CO,HYUNDAI FORWARD V078S,HDMUQIML5671775,CN,49780.00,"ADHESIVES (WANNATE 6092A, WANEXEL 792B","50,106.00",2740657.00
12-Feb,NAN PAO RESINS CHEMICAL PHILIPPINES,EASTLION ENTERPRISES LTD,BELLA J 18001S,LSMNS1802005,CN,21600.00,ADHESIVES BWA316CH,"56,073.60",2910570.00
5-Feb,INNOVATRADE INGREDIENTS CORPORATION,GF OVORDY S.P.A.,BERLIN EXPRESS V.089E,M600252096,IT,25500.00,ALBUMEN POWDER,"227,558.00",12078103.00
19-Feb,HENKEL PHILIPPINES INC.,HENKEL ADHESIVES TECHNOLOGIES,IONIAN EXPRESS 806S,UTCSE1801118,CN,3013.00,AQUENCE BG 3142 20KG PRODUCER,"5,379.27",282522.00
13-Feb,ATLANTA  INDUSTRIES INC,TAIZHOU G-GOOD ADHESIVES CO LT,EM HYDRA V.1803,22360,CN,3890.00,ATLANTA UPVC  SOLVENT CEMENT 300 100ML,"7,586.87",396303.00
13-Feb,ATLANTA  INDUSTRIES INC,TAIZHOU G-GOOD ADHESIVES CO LT,EM HYDRA V.1803,22360,CN,6069.00,ATLANTA UPVC  SOLVENT CEMENT 300 200ML,"9,668.66",504285.00
13-Feb,ATLANTA  INDUSTRIES INC,TAIZHOU G-GOOD ADHESIVES CO LT,EM HYDRA V.1803,22360,CN,10823.00,ATLANTA UPVC  SOLVENT CEMENT 300 400ML,"14,106.26",734518.00
21-Feb,ATLANTA  INDUSTRIES INC,HP INTERNATIONAL,ITAL MODERNA E112,0678X01284,IN,9275.00,ATLANTA UPVC  SOLVENT CEMENT 300-400ML,"13,564.75",750927.00
6-Feb,COLUMBIA INTL FOOD PRODUCTS INC,GELNEX INDUSTRIA E COMERCIO,MAERSK LACUNA / 743E,NVTMNLH00519,BR,25000.00,BEEFSKIN GELATIN 220 BLOOM 20 MESH,"131,898.50",7010043.00
26-Feb,DYLAN-J TRADING,ELITE BASE (CHINA) LIMITED,ISAO V.1802S,SNL8SHPL4009119,CN,3150.00,BLUESIL CATA 60R RTV 585,"7,501.77",415549.00
23-Feb,FD COIL PHILIPPINES INC.,"FURUKAWA DENSHI CO., LTD.",CAPE NABIL V. 033S,JPPHTYO03141,JP,160.00,BONDING AGENT,"15,570.54",856069.00
8-Feb,GREAT EASTERN RESINS PHILS INDL CO.,GREAT EASTERN RESINS INDUSTRIAL CO.,EVER PEARL 0368 253S,EGLV002800034216,TW,960.00,CA-888 50G,"26,103.14",1413021.00
19-Feb,PHILCHEMA INC,INDUSTRIAL TECNICA PECURIA S.A,JIN LONG 32 805001SJ,21143,ES,22000.00,CAPSOZYME SB PLUS,"159,500.00",8494813.00
9-Feb,HOUSE TECHNOLOGY INDUSTRIES PTE.LTD,HRD SINGAPORE PTE LTD,CALLAO BRIDGE 124S,KKLUJPZA032736,JP,25999.00,CEMEDINE  (SILICON SEALANT FOR BATH UNIT),"145,864.85",7931041.00
19-Feb,HOUSE TECHNOLOGY INDUSTRIES PTE.LTD,HRD SINGAPORE PTE LTD,IWASHIRO 251S,KKLUJPZA032746A,JP,13266.00,"CEMEDINE 8070 PRO WHITE, CEMEDINE 8070 PRO G","73,513.20",4000152.00
22-Feb,HOUSE TECHNOLOGY INDUSTRIES PTE.LTD,HRD SINGAPORE PTE LTD,SITC SHIMIZU 1804S,SITSMMS1800217,JP,7569.00,CEMEDINE EM346 1KG/12PCS/BOX (SILICON SEALAN,"76,684.69",4188082.00
9-Feb,SCAD SERVICES (S) PTE. LTD. - PHIL,HRD SINGAPORE PTE LTD,AS LAURETTA 1804S,SITSMMS1704278,JP,2305.00,CEMEDINE SUPER-X WHITE,"13,669.96",742331.00
7-Feb,CORNELL INGREDIENTS CORPORATION,ROQUETTE ITALIA SPA,COSCO HARMONY 038E,OOLU4044917760,IT,19000.00,CLEARAM CH 30 10 MODIFIED WAXY MAIZE STARCH,"19,089.94",1021367.00
14-Feb,GREAT EASTERN RESINS PHILS INDL CO.,"CARTELL CHEMICAL CO.,LTD.",EM HYDRA V 17S,KKHMNS1810001,TW,3651.00,CYANOACRYLATE ADHESIVE AND ACCESSORY,"68,400.00",3717587.00
8-Feb,REPUBLIC CHEMICAL INDUSTRIES INC.,KOATSU GAS KOGYO CO LTD,ASIA IPSA V. S053,LALJPN1191,JP,1800.00,CYANOACRYLATE ADHESIVES,"54,271.43",2828767.00
6-Feb,COLUMBIA INTL FOOD PRODUCTS INC,GELITA AUSTRALIA PTY LTD.,KOWLOON BAY 656N,SUDU37BNE009847X,AU,20000.00,EDIBLE GELATINE BEEFSKIN,"113,000.00",5833481.00
21-Feb,EASY BIO PHILIPPINES INC.,EASY BIO. INC,HEUNG A HAIPHONG 0081S,NEXL1801MNS011,KR,8000.00,ENDONASE PLUS,"17,314.49",935351.00
20-Feb,BRIGHT GOAL TRADING,ADITYA BIRLA CHEMICAL (THAILAND) LT,ITAL MASSIMA 0813 109E,EGLV050800078850,TH,18800.00,EPOXY (LIQUID),"12,914.40",715613.00
26-Feb,SAMSUNG ELECTRO-MECHANICS,"SAMSUNG SDI CO., LTD",SIRI BHUM 1801S,1802BX516,KR,2000.00,EPOXY MOLDING COMPOUND,"28,348.27",1572930.00
22-Feb,SAMSUNG ELECTRO-MECHANICS,"SAMSUNG SDI CO., LTD",LANTAU BRIDGE 1801S,1802BX511,KR,2000.00,EPOXY MOLDING COMPOUND,"28,134.74",1546358.00
12-Feb,SAMSUNG ELECTRO-MECHANICS,"SAMSUNG SDI CO., LTD",FPMC CONTAINER 8 1803S,1802BX504,KR,1700.00,EPOXY MOLDING COMPOUND,"24,527.42",1340150.00
7-Feb,NELTEX DEVELOPMENT CO. INC,NAN YA PLASTICS CORPORATION,EM HYDRA V. 1803,18945,TW,43200.00,GEN:GLUE FOR PVC/SPEC:GLUE FOR PVC INDUSTRIA,"87,696.00",4770651.00
8-Feb,NEW TOUCHSTONE MDSG. ENT. (CEBU) PH,SHENZHEN LUYE EAST INDS CO LTD,IONIAN EXPRESS,13865,CN,4072.00,GLASS SEALANT,"6,872.80",356374.00
1-Feb,TIMES TRADING CO INC,NINGBO PASCO UNITED INDS CO LT,HAI LIAN,LSSZEC18013907,CN,11265.00,GLUE ALL,"20,478.80",1058053.00
21-Feb,TIMES TRADING CO INC,NINGBO PASCO UNITED INDS CO LT,HAI LIAN,LSSZEC18017016,CN,32382.00,"GLUE ALL, ETC","77,432.74",4050920.00
27-Feb,TIMES TRADING CO INC,NINGBO PASCO UNITED INDS CO LT,HAI LIAN,LSSZEC18025271,CN,24818.00,"GLUE ALL, ETC","60,541.54",3191044.00
7-Feb,TIMES TRADING CO INC,NINGBO PASCO UNITED INDS CO,ISAO,LSSZEC18014700,CN,20894.00,"GLUE ALL, ETC","53,281.93",2762988.00
8-Feb,HIT INTERNATIONAL PHILS. INC.,QUALIPOY CHEMICAL CORPORATION,EM HYDRA1803,5013,TW,13556.00,GLUE FOR PAPER PRODUCTS,"12,988.80",712734.00
23-Feb,SEDANGA ENTERPRISE,LUOHE PINGYUAN BUSINESS SERVIC,ISAO,SEFXY18010140,CN,23513.00,GLUE NO BRAND (PREPARED),"16,525.07",924927.00
2-Feb,CROWN SUPPLY CORP,"NINGBO DELI IMP&EXP. CO.,LTD",HANSA FRESENBURG S006,501998,CN,12803.00,GLUE STICK(UNBRANDED),"21,146.31",1083962.00
27-Feb,H B FULLER PHILS INC,H B FULLER DEUTSCHLAND PRODUKTIONS,CMA CGM ALEXANDER VON V.256,17HAM0040143,DE,13125.00,"HM 8229 E, HARMLESS GLUES","42,771.61",2364915.00
14-Feb,FIBERWORLD INC.,RUGAO JAOUR ADHESIVE PRODUCT,HYUNDAI FORWARD V.078S,ASHMSYL0910650,CN,25000.00,HOT MELT ADHESIVE JM-3522 / JM-3666,"51,756.10",2687809.00
7-Feb,D'LUXE BAGS PHILIPPINES INC.,LUEN THAI FOOTWEAR MACAU COMM.,ASIA IPSA VS053,CTIBSEMNL800033HK,HK,1260.00,"HOT MELT ADHESIVE,HOT MELT GLUE","21,611.76",1168921.00
7-Feb,D'LUXE BAGS PHILIPPINES INC.,LUEN THAI FOOTWEAR MACAU COMM.,ASIA IPSA VS053,CTIBSEMNL800043HK,HK,1770.00,HOT MELT GLUE,"14,668.22",794259.00
6-Feb,PV TECH PTE. LTD. PHIL. BR. OFFICE,SHANGHAI HUITIAN NEW MATERIAL,ISAO 1801S,AMIGL180020515A,CN,2700.00,HT906Z PV MODULE RTV SEALANT,"7,359.92",415783.00
9-Feb,MDLD INTERCHEMICAL INDUSTRIES INC.,CLEO SINGAPORE PTE LTD.,LOBIVIA 060E,SINMNL180067,SG,1020.00,HYDROLYZED COLLAGEN PEPTAN B2000 LD,"15,300.00",819830.00
13-Feb,MB TECHNOSOLUTIONS CORPORATION,FLOWCRETE ASIA SDN BHD,WAN HAI,EIH1810087A,MY,3535.00,INDUSTRIAL FLOORING PRODUCTS,"10,591.65",554982.00
19-Feb,PROMESSO BUSINESS SOLUTIONS CORP,QINGDAO CROWN IMP & EXP CORP.LTD,COSCO FURUYAMA,COAU7042103980,CN,22725.00,ISOLATED SOY PROTEIN,"57,033.25",2981047.00
21-Feb,CONCRETE SOLUTION BUILDERS AND,CONREN LIMITED,THALASA PISTIS,COSU4007162960,GB,7360.00,LAPIDOLITH,"5,729.03",317774.00
21-Feb,K-MORE PHILIPPINES INC.,TEX YEAR INDUSTRIES INC,PHILIPPA SCHULTE V087,APLU408004113,TW,4500.00,LEATHER TANNING PRODUCTS HM 983 HOTMELT,"6,371.64",351244.00
8-Feb,NAN PAO RESINS CHEMICAL PHILIPPINES,NAN PAO RESINS CHEMICAL CO LTD,WAN HAI 162 S292,0018A22697,TW,5250.00,LIQUID ADHESIVE 173M,"11,182.51",606883.00
14-Feb,NAN PAO RESINS CHEMICAL PHILIPPINES,NAN PAO RESINS CHEMICAL CO LTD,WAN HAI 162 S293,0018A28331,TW,3000.00,LIQUID ADHESIVE 173M,"6,390.00",348151.00
14-Feb,NAN PAO RESINS CHEMICAL PHILIPPINES,NAN PAO RESINS CHEMICAL CO LTD,WAN HAI 162 S293,0018A28331,TW,6012.00,LIQUID ADHESIVE T PU218,"16,833.60",914748.00
14-Feb,NAN PAO RESINS CHEMICAL PHILIPPINES,NAN PAO RESINS CHEMICAL CO LTD,WAN HAI 162 S293,0018A28331,TW,2000.00,LIQUID ADHESIVE T UR049H,"7,030.00",382848.00
8-Feb,NAN PAO RESINS CHEMICAL PHILIPPINES,NAN PAO RESINS CHEMICAL CO LTD,WAN HAI 162 S292,0018A22697,TW,1500.00,LIQUID ADHESIVE T UR049H,"5,294.99",287961.00
8-Feb,STONEPRO TRADING CORP,POLYTEK DEVELOPMENT CORP,COLOMBO 033S,NYCMNL171210,US,15294.00,LIQUID RUBBER POLY 74,"28,044.40",1526888.00
26-Feb,HENKEL PHILIPPINES INC.,HENKEL LOCTITE (CHINA) CO. LTD,PHILIPPA SCHULTE 087,CAPLU063929012,CN,721.00,"LOCTITE (LOCTITE PC 9021 KT20KGEN/CH,","5,891.16",333841.00
8-Feb,D'LUXE BAGS PHILIPPINES INC.,"DONGGUAN DARONG RESIN CO.,LTD",BELLA J 18001S,21136,CN,6280.00,LOCTITE BONDACE 7103LTF (R),"23,026.08",1254814.00
8-Feb,TERTEX INTERNATIONAL PHILS. INC.,DRIZORO SAU,COSCO EXCELLENCE 040E,EGLV570770013204,ES,11045.00,"MAXSEAL FLEX GREY, MAXJOINT ELASTIC GREY, MA","10,600.24",577725.00
8-Feb,CORNELL INGREDIENTS CORPORATION,GENERAL STARCH LIMITED,ITAL MASSIMA 0811 108E,EGLV050701163115,TH,76500.00,MODIFIED TAPIOCA STARCH GELPRO F807E GELPRO,"99,923.80",5162067.00
15-Feb,CORNELL INGREDIENTS CORPORATION,GENERAL STARCH LIMITED,ITAL MELODIA 0812 113E,EGLV050701165185,TH,60000.00,MODIFIED TAPIOCA STARCH GELPRO M,"39,069.30",2031598.00
28-Feb,CORNELL INGREDIENTS CORPORATION,GENERAL STARCH LIMITED,ITAL MILIONE 0813-090E,EGLV050701211080,TH,60000.00,MODIFIED TAPIOCA STARCH GELPRO M GELPRO HC71,"47,647.98",2506966.00
20-Feb,CORNELL INGREDIENTS CORPORATION,GENERAL STARCH LIMITED,XETHA BHUM 1097W,BKKCB18000477,TH,20000.00,MODIFIED TAPIOCA STARCH STARFIRM 48 STARFIRM,"18,433.02",967393.00
6-Feb,CORNELL INGREDIENTS CORPORATION,ROQUETTE ITALIA SPA,COSCO HARMONY 038E,OOLU4044874050,IT,150000.00,MODIFIED WAXY MAIZE STARCH,"132,121.52",7034173.00
27-Feb,FORHOUSTON INTERNATIONAL CORP,ROHM AND HAAS PTE LTD,KOTA JUTA 0323E,RPSINMNL18020042,SG,24035.00,MOR FREE ( ADHESIVE)ROHM AND HAAS BRAND,"14,929.00",836907.00
2-Feb,CARRINGTON TRADING INC.,BASF SOUTH EAST ASIA PTE. LTD.,KOTA JUTA,SIN800116900,DE,5760.00,NATUGRAIN TS (ENZYME),"46,975.54",2487336.00
26-Feb,CARRINGTON TRADING INC.,BASF SOUTH EAST ASIA PTE. LTD.,NYK EAGLE,HLCUFRA180105394,DE,5760.00,NATUGRAIN TS FEED PREMIX POWDER (ENZYME)..,"30,880.32",1679446.00
7-Feb,CARRINGTON TRADING INC.,BASF SOUTH EAST ASIA PTE. LTD.,KOYA JUTA,SIN800140500,DE,8000.00,NATUPHOS E 5000 G (ENZYME),"66,515.79",3538051.00
7-Feb,CARRINGTON TRADING INC.,BASF SOUTH EAST ASIA PTE. LTD.,KOTA JUTA,SIN800170200,DE,4000.00,NATUPHOS E 5000 G (ENZYME),"22,409.10",1182863.00
15-Feb,SCAD SERVICES (S) PTE. LTD. - PHIL,HRD SINGAPORE PTE LTD,IWASHIRO 251S,NYKSNG6JJ0738200,JP,25572.00,NOTAPE-BOND,"82,131.18",4467266.00
12-Feb,VET. ONE INC.,CHINA JIANGSU CHANGZHOU CO LTD,HYUNDAI FORWARD V078S,SHAB124504,CN,34000.00,PELLET BINDER (PMC) FEED PREMIX,"39,100.00",2033662.00
6-Feb,HERCO TRADING INC,ITW & PP F KOREA LTD.,YM COSMOS,EXP47122017,MY,8784.00,"PLASTIC / STEEL EPOXY 15gms, 20gms","18,671.20",1026061.00
20-Feb,HERCO TRADING INC,ITW PP & F KOREA LIMITED,EVER BALMY 1182-004N,EXP66012018,MY,8784.00,PLASTIC STEEL EPOXY 15GM 90000EA,"18,671.20",1035775.00
27-Feb,RC NEW CHEMICAL RESOURCES INC.,"KATER IMPORT & EXPORT CO., LTD",OOCL CHARLESTON,GMNL1801078902,CN,2074.00,POLYURETHANE SEALANT,"10,551.70",555012.00
26-Feb,ALLKEY INTERNATIONAL INC.,SAMJI PROTECTIVE TAPE (CHINA),ISAO V. 1802S,HWLSHA18020259,CN,2526.00,PROTECTIVE FILM TAPE,"17,687.69",979128.00
22-Feb,TAMSONS ENTERPRISES INC,DGL INTERNATIONAL (MALAYSIA),EVER BIRTH,EGLV091830028785,MY,5953.00,PS ACRYLIC FLEXI FILL SELLEYS NO MORE GAPS,"17,249.34",904169.00
7-Feb,GLOBE INTL DISTRIBUTOR CENTER INC,PYE PRODUCTS M SDN BHD,CMA CGM 0004W,APLU072105155,MY,14549.00,"PYESLATE SEAL GLOSS 200 LIT, PYESLATE-SEAL","28,720.00",1544680.00
7-Feb,WELLPLASS INTERNATIONAL SALES,QUICSEAL CONSTRUCTION CHEMICAL,LOBIVIA V.060E,AME203248,SG,16531.00,QUICSEAL 104 FLEXIBLE CEMENTITIOUS WATERPROO,"15,720.00",860704.00
26-Feb,AP MAGNA CHEM DISTRIBUTION CORP.,JIANGSU ZHAOJIA MATERIALS TECHNOLOG,HYUNDAI GLORY,SSLMS180690,CN,52000.00,REDISPERSIBLE POLYMER POWDER (RDP 6015),"87,360.00",4595347.00
15-Feb,HOUSE TECHNOLOGY INDUSTRIES PTE.LTD,HRD SINGAPORE PTE LTD,SITC DALIAN 1804S,SITSMMS1800185,JP,1332.00,REPAIR PUTTY 340G (CHEMICALS),"6,146.48",334653.00
14-Feb,GLOBE INTL DISTRIBUTOR CENTER INC,PT ERJE LONDON CHEMICAL,DEVA 0268N,804018001T00,ID,16000.00,RJ ROOF SEALER 20 KG 800 PAILS 800 PCS,"32,976.00",1712949.00
23-Feb,GLOBE INTL DISTRIBUTOR CENTER INC,PT ERJE LONDON CHEMICAL,CPO NORFOLK 0270N,804018002N00,ID,16768.00,"RJ WALL PUTTY 0 5 KG, RJ WALL PUTTY 1KG,","25,089.80",1315154.00
12-Feb,GLOBE INTL DISTRIBUTOR CENTER INC,ZEN INTERNATIONAL MARKETING,SEASPAN SANTOS,1400,ID,19440.00,"RJ WALL PUTTY 0 5 KG, RJ WALL PUTTY 1KG,","13,757.80",719115.00
9-Feb,TIMES TRADING CO INC,JIANGSU XINGDA STATIONERY GROU,DONG FANG QIANG,LSSZEC18014822,CN,6975.00,"SCHOOL GLUE GEL, ETC","22,327.04",1164696.00
1-Feb,PILIPINAS KYOHRITSU INC.,"SUMITOMO WIRING SYSTEMS, LTD",CAPE NABIL V031S,JPPHTYO03134,JP,391.00,SEALANT,"9,930.53",529362.00
28-Feb,PILIPINAS KYOHRITSU INC.,"SUMITOMO WIRING SYSTEMS, LTD",IWASHIRO V251S,JPPHTYO03150,JP,357.00,SEALANT,"9,076.30",501048.00
7-Feb,PILIPINAS KYOHRITSU INC.,"SUMITOMO WIRING SYSTEMS, LTD",IWASHIRO V250S,JPPHTYO03138,JP,340.00,SEALANT,"8,649.17",465454.00
23-Feb,DUTCH BLUE SEA ENTERPRISES,"YIWU JUZHAN IMP & EXP CO., LTD",ISAO,506372,CN,5673.00,SEALANT,"5,938.17",329876.00
27-Feb,PILIPINAS KYOHRITSU INC.,"SUMITOMO WIRING SYSTEMS, LTD",CALLAO BRIDGE V124S,JPPHTYO03145,JP,218.00,SEALANT,"5,552.56",304829.00
14-Feb,DUTCH BLUE SEA ENTERPRISES,DOW CORNING KOREA LTD,WAN HAI 162,0058X02604,KR,33872.00,SEALANT (DOW CORNING GLASS SEALANT),"44,273.14",2420165.00
14-Feb,STANZA ALUMINUM AND GLASS,DOW CORNING KOREA LTD,WAN HAI 162,0058X02279,KR,33872.00,SEALANT (DOW CORNING GLASS SEALANT),"44,273.14",2420165.00
14-Feb,STANZA ALUMINUM AND GLASS,DOW CORNING KOREA LTD,WAN HAI 162,0058X03192,KR,23473.00,SEALANT (DOW CORNING GLASS SEALANT),"31,209.22",1707338.00
2-Feb,STANZA ALUMINUM AND GLASS,DOW CORNING KOREA LTD,HYUNDAI GLORY,SNKO010180104813,KR,23473.00,SEALANT (DOW CORNING GLASS SEALANT),"28,955.15",1581260.00
14-Feb,DUTCH BLUE SEA ENTERPRISES,DOW CORNING KOREA LTD,WAN HAI 162,0058X02935,KR,11736.00,SEALANT (DOW CORNING GLASS SEALANT),"15,914.81",873636.00
7-Feb,DUTCH BLUE SEA ENTERPRISES,DOW CORNING KOREA LTD,WAN HAI 162,0058X01742,KR,10399.00,SEALANT (DOW CORNING GLASS SEALANT),"15,219.15",833874.00
14-Feb,STANZA ALUMINUM AND GLASS,DOW CORNING KOREA LTD,WAN HAI 162,0058X02799,KR,11737.00,SEALANT (DOW CORNING GLASS SEALANT),"14,626.14",803801.00
7-Feb,DUTCH BLUE SEA ENTERPRISES,R.J. LONDON CHEMICALS INDUSTRI,ITAL MASSIMA,EGLV050800072495,TH,7750.00,SEALANT (GLASS SEALANT),"8,414.60",439050.00
20-Feb,DUTCH BLUE SEA ENTERPRISES,R.J. LONDON CHEMICALS INDUSTRI,INTEGRA,EGLV050701104488,TH,6877.00,SEALANT (GLASS SEALANT),"7,399.09",390077.00
23-Feb,RITE PRODUCTS INCORPORATED,HB FULLER CONSTRUCTION PRODUCTS INC,COSCO BOSTON 149W,EX1712007,US,17584.00,SEALANT (NON-HAZ),"39,911.36",2207857.00
15-Feb,MONROE MULTINATIONAL GROUP INC.,PT. OCI MATERIAL PRATAMA,CPO NORFOLK V.0270N,804018002H00,ID,6363.00,SEALANT (SPARKO BRAND),"35,437.31",1842431.00
8-Feb,MEGATRENDS  I&C CORPORATION,NURICHEM CO LTD,HEUNG A HAIPHONG,PUSA065669,KR,12794.00,SEALANT N2000 PRO,"19,952.15",1063360.00
1-Feb,SPECIALTY CONTRACTS GENERAL AND,Hitchins F.E. Marketing PTE LTD,KOTA JUTA 0321E,PLMMYKCH02050,SG,3760.00,SEALFLEX PRIMER WHITE,"10,719.19",554241.00
14-Feb,HOUSE TECHNOLOGY INDUSTRIES PTE.LTD,HRD SINGAPORE PTE LTD,AS LAURETTA 1804S,SITSMMS1704276,JP,7235.00,SEKISUI BOND #75D (ADHESIVES),"37,312.73",2026884.00
15-Feb,HOUSE TECHNOLOGY INDUSTRIES PTE.LTD,HRD SINGAPORE PTE LTD,SITC DALIAN 1804S,SITSMMS1800185,JP,17322.00,"SEKISUI BOND #94-ES (BLACK, WHITE) 500ML(ADH","79,942.97",4341603.00
22-Feb,TAMSONS ENTERPRISES INC,DGL INTERNATIONAL (MALAYSIA),EVER BIRTH,EGLV091830028785,MY,7768.00,SELLEYS SUPA GLUE STIK UP LIQUID NAILS,"46,071.80",2406246.00
7-Feb,SIKA PHILIPPINES INC.,EVERBUILD BUILDING PRODUCTS LT,YM WELLHEAD V.014E,N710578580,GB,16320.00,SIKACRYL 620 FIRE WHITE &,"29,663.36",1619821.00
15-Feb,SIKA PHILIPPINES INC.,"SIKA GUANGZHOU LTD.,",BELLA J V.18001S,25097,CN,14000.00,SIKADUR 31 CFN PART A,"44,224.72",2291538.00
15-Feb,SIKA PHILIPPINES INC.,"SIKA LTD.,",APOLLON D V.1804,NRT4892765977,JP,3140.00,SIKAFLEX 255 EXTRA,"22,892.57",1192446.00
7-Feb,SIKA PHILIPPINES INC.,PT.SIKA INDONESIA,DEVA V.268QAN,JKTMNL1801017,ID,10220.00,SIKAFLOOR 263 SL HC 7035 (AB),"31,835.34",1655380.00
22-Feb,SIKA PHILIPPINES INC.,PT.SIKA INDONESIA,CUCKOO HUNTER V.272QAN,JKTMNL1802010,ID,16862.00,"SIKAGARD 720 EPOCEM C,SIKAFLOOR 82 EPOCEM NE","15,454.04",819643.00
21-Feb,CEPRE INTERNATIONAL TRADING,GUANGDONG OLIVIA CHEMICAL INDU,CIRCULAR QUAY 267,APLU750583003,CN,15805.00,SILICON SEALANT,"18,660.00",1029331.00
8-Feb,WOOCUBE TRADING,HANGZHOU XIAORAN IMPORT AND,DONG FANG QIANG,NBO01051496,CN,14852.00,SILICON SEALANT,"18,201.00",997205.00
21-Feb,WOOCUBE TRADING,HANGZHOU XIAORAN IMPORT AND,MARIVIA,NBO029204323,CN,14738.00,SILICON SEALANT,"17,927.13",989262.00
23-Feb,MODERN HOME CLASSIC MARKETING/,FOSHAN CITY CHUANG SHI JI INDUSTRIA,TS OSAKA,19574,CN,15091.00,SILICONE SEALANT,"19,323.00",1074004.00
8-Feb,TFE SALES MARKETING CORPORATION,MOMENTIVE PERFORMANCE,WAN YUAN YANG 2 18004E,727,CN,14437.00,SILICONE SEALANT SCS2902 WHITE SAUSP SCS2909,"66,256.80",3427578.00
26-Feb,TFE SALES MARKETING CORPORATION,MOMENTIVE PERFORMANCE,SEASPAN NEW DEL 010S,COAU7054444000,CN,8942.00,SILICONE SEALANTS SCS2903,"41,904.00",2202366.00
13-Feb,TFE SALES MARKETING CORPORATION,MOMENTIVE PERFORMANCE,HUANQIUHEXIE 795 E,COAU7054459700,CN,8997.00,SILICONE SEALANTS SCS2903 SCS2020N,"41,904.00",2173710.00
13-Feb,KOMEYA FOOD PRODUCT CORPORATION,TONGAAT HULETT STARCH,ASTORIA BRIDGE 064E,EGLV320730060580,ZA,260000.00,STARCH (PREGELATINISED),"70,408.00",3810522.00
19-Feb,KATANA TRADEGRADE INCORPORATED,ZHENZHEN XINGYUAN IMP EXP CO,SITC FUJIAN,SITGTXMS216958,CN,3420.00,STRUCTURAL SILICONE SEALANT,"14,201.30",745315.00
14-Feb,MULTI RICH HOME DECORS INCORPORATED,SHANGHAI BADA TEXTILES CO,HAI LIAN,SITDSHMST12253,CN,14076.00,TILE ADHESIVE,"11,942.42",659249.00
15-Feb,MOLDEX PRODUCTS INC,NAN YA PLASTICS CORPORATION,WAN HAI 162,0018A23530,TW,10800.00,VINYL ADHESIVE AASAFZ,"25,704.00",1403808.00
26-Feb,PHIL. GLASS PROCESSING SPECIALIST,WACKER CHEMICALS CO LTD,MCC KYOTO,801020,CN,9972.00,WACKER GENERAL PURPOSE (SEALANT),"40,380.69",2125554.00
20-Feb,DUTCH BLUE SEA ENTERPRISES,R.J. LONDON CHEMICALS INDUSTRI,INTEGRA,EGLV050701104500,TH,14445.00,WALL PUTTY,"21,292.10",1117965.00
28-Feb,PHSI TRADING SALES INC.,RJ LONDON CHEMICALS IND. CO. LTD,ITAL MASSIMA,EGLV050800133508,TH,18480.00,WALL PUTTY,"11,647.66",621880.00
13-Feb,DUTCH BLUE SEA ENTERPRISES,R.J. LONDON CHEMICALS INDUSTRI,ITAL MELODITA,EGLV050800099458,TH,7917.00,WALL PUTTY,"8,579.76",450055.00
20-Feb,DUTCH BLUE SEA ENTERPRISES,R.J. LONDON CHEMICALS INDUSTRI,INTEGRA,EGLV050701104488,TH,4814.00,WALL PUTTY,"5,178.30",273793.00
20-Feb,LUCKSTOCK TRADERS CORP.,INTERGLOBAL INTERNATIONAL,AGAMEMNON W014,WOX1707501,US,5387.00,"WATER SEAL PRODUCTS - WHITE DRYLOCK EXTREME,","8,871.42",491488.00
8-Feb,E-HSING CORPORATION,"GLORY TO FORTUNE CO., LTD.",HYUNDAI GLORY V. 078XA,KAONMP1801143,TW,13044.00,WATERPROOF BINDER,"7,652.60",424030.00
27-Feb,REPUBLIC CHEMICAL INDUSTRIES INC.,PINGHU ADHESIVE SERVICE TRADIN,ISAO V. 1802S,PL2018011500,CN,451.00,WHITE GLUE EPOXY PUTTY,"7,659.80",405419.00
22-Feb,ARVIN INTERNATIONAL MARKETING INC.,SHANGHAI NEWSUN INTERNATIONAL,CIELO DI VENEZIA/1730,CDVLYGBT03,CN,1200000.00,MODIFIED CORNSTARCH,"372,332.24",19349354.00
22-Feb,SARANGANI ENERGY CORPORATION,KURITA SINGAPORE PTE LTD,ACRUX N 1805,MCB144711,TW,260.00,"ESLON PRIMER P-810 CLEAR , ELSON SOLVENT CEM","5,541.00",312469.00
7-Feb,FAIRCHILD SEMICONDUCTOR (PHILS) INC,ABLESTIK (SHANGHAI)LTD,CX921,UUS00327191,CN,32.00,1.00 PK LOCTITE ABLESTIK,"12,267.53",669991.00
14-Feb,FAIRCHILD SEMICONDUCTOR (PHILS) INC,ABLESTIK (SHANGHAI)LTD,CX921,UUS00328510,CN,64.00,2.00 PK LOCTITE ABLESTIK,"13,888.47",759601.00
15-Feb,FAIRCHILD SEMICONDUCTOR (PHILS) INC,HENKEL ELECTRONIC MATERIAL LLC,CX925,ULA01219923,US,55.00,3.00 PK LOCTITE ABLESTIK,"15,633.80",860570.00
27-Feb,FAIRCHILD SEMICONDUCTOR (PHILS) INC,ABLESTIK (SHANGHAI)LTD,CX925,UUS00329976,CN,123.00,4.00 PK LOCTITE ABLESTIK,"27,791.67",1534168.00
1-Feb,FAIRCHILD SEMICONDUCTOR (PHILS) INC,HENKEL ELECTRONIC MATERIAL LLC,CX921,ULA01218560,US,108.00,5.00 PK LOCTITE ABLESTIK,"24,886.68",1353196.00
1-Feb,TMX PHILIPPINES INC.,MATERIAL TECHNOLOGY PTE LTD,CATHAY PACIFIC,SIN1598854,SG,30.00,AMICON C 850 5A EPOTEK H29E ALTERNATIVE SPEC,"8,830.00",479299.00
13-Feb,S.E.A OLYMPUS MARKETING INC.,ALTECO  CHEMICAL PTE LTD.,CATHAY PACIFIC,MSA70126046,JP,110.00,CYANOACRYLATE ADHESIVES ALTECO 200M NET WT 5,"12,838.89",702656.00
19-Feb,FUNAI ELECTRIC CEBU INC.,ENGINEERED MATERIALS SYSTEM INC/EMS,LD 0457,83216,US,163.00,DA-5801 DIE BOND-55 CC SYRINGES ADHESIVE,"40,698.10",2227482.00
1-Feb,FUNAI ELECTRIC CEBU INC.,THE STROUSE CORPORATION,LD 0457,63704,US,31.00,DIE CUT ADHESIVE PREFORM ADHESIVE PREFOR CO,"9,933.50",543033.00
2-Feb,AB HEINEKEN PHILIPPINES INC.,CROSSFLIGHT LTD,AIR HONGKONG LD457,59670,GB,2.00,"GMP PAPERY, PHENOLIC, SWEET BFS 5 CAPSULES","5,242.00",283785.00
5-Feb,AUTOLIV CEBU SAFETY MANUFACTURING,SIKA AUTOMOTIVE GMBH,EMIRATES,BPL30124934,DE,2542.00,SIKATHERM4225,"13,880.16",757267.00
12-Feb,NESTLE PHILIPPINES INC.,ARMOR PROTEINES SAS,MCC SEOUL 1805,7140,FR,20000.00,1X40 CNTR; OF POTASSIUM CASEINATE,"133,750.86",8804702.00
20-Feb,FOURWARD TRADING,"YIWU XUZHAN IMPORT AND EXPORT CO.,L",AVILA SOO4,SITGNBCD923403,CN,14269.00,ADHESIVE (GLUE),"6,135.00",346611.00
6-Feb,MEGASOFT HYGIENIC PRODUCTS INC,SHENZHEN GUI HAO CHENG TRADE,SITC SHANDONG V1802S,SITGSHCYT01032,CN,20412.00,ADHESIVE H4394 (BOSTIK Brand),"25,355.45",1307088.00
9-Feb,AXELUM RESOURCES CORP.,DMV,MSC VIVIANA 750E,13714,NL,12000.00,SODIUM CASEINATE,"117,889.94",6276949.00